"k","frac_covered","gene","superpop"
1,0.506807866868381,"ABCC8","AFR"
2,0.748865355521936,"ABCC8","AFR"
3,0.866868381240545,"ABCC8","AFR"
4,0.924357034795764,"ABCC8","AFR"
5,0.954614220877458,"ABCC8","AFR"
6,0.966717095310136,"ABCC8","AFR"
7,0.972768532526475,"ABCC8","AFR"
8,0.978819969742814,"ABCC8","AFR"
9,0.980332829046899,"ABCC8","AFR"
10,0.981845688350983,"ABCC8","AFR"
11,0.983358547655068,"ABCC8","AFR"
12,0.983358547655068,"ABCC8","AFR"
1,0.585014409221902,"ABCC8","AMR"
2,0.801152737752161,"ABCC8","AMR"
3,0.902017291066282,"ABCC8","AMR"
4,0.948126801152738,"ABCC8","AMR"
5,0.968299711815562,"ABCC8","AMR"
6,0.979827089337176,"ABCC8","AMR"
7,0.985590778097983,"ABCC8","AMR"
8,0.99135446685879,"ABCC8","AMR"
9,0.994236311239193,"ABCC8","AMR"
10,0.994236311239193,"ABCC8","AMR"
1,0.509920634920635,"ABCC8","EAS"
2,0.757936507936508,"ABCC8","EAS"
3,0.869047619047619,"ABCC8","EAS"
4,0.908730158730159,"ABCC8","EAS"
5,0.932539682539683,"ABCC8","EAS"
6,0.946428571428571,"ABCC8","EAS"
7,0.96031746031746,"ABCC8","EAS"
8,0.964285714285714,"ABCC8","EAS"
9,0.968253968253968,"ABCC8","EAS"
10,0.970238095238095,"ABCC8","EAS"
11,0.970238095238095,"ABCC8","EAS"
1,0.530815109343936,"ABCC8","EUR"
2,0.755467196819085,"ABCC8","EUR"
3,0.870775347912525,"ABCC8","EUR"
4,0.920477137176938,"ABCC8","EUR"
5,0.946322067594433,"ABCC8","EUR"
6,0.960238568588469,"ABCC8","EUR"
7,0.968190854870775,"ABCC8","EUR"
8,0.972166998011928,"ABCC8","EUR"
9,0.974155069582505,"ABCC8","EUR"
10,0.976143141153082,"ABCC8","EUR"
11,0.976143141153082,"ABCC8","EUR"
1,0.503067484662577,"ABCC8","SAS"
2,0.740286298568507,"ABCC8","SAS"
3,0.865030674846626,"ABCC8","SAS"
4,0.912065439672802,"ABCC8","SAS"
5,0.942740286298569,"ABCC8","SAS"
6,0.959100204498977,"ABCC8","SAS"
7,0.969325153374233,"ABCC8","SAS"
8,0.977505112474438,"ABCC8","SAS"
9,0.979550102249489,"ABCC8","SAS"
10,0.98159509202454,"ABCC8","SAS"
11,0.98159509202454,"ABCC8","SAS"
1,0.500756429652042,"AKT1","AFR"
2,0.742813918305598,"AKT1","AFR"
3,0.863842662632375,"AKT1","AFR"
4,0.922844175491679,"AKT1","AFR"
5,0.951588502269289,"AKT1","AFR"
6,0.963691376701967,"AKT1","AFR"
7,0.969742813918306,"AKT1","AFR"
8,0.97428139183056,"AKT1","AFR"
9,0.975794251134644,"AKT1","AFR"
10,0.977307110438729,"AKT1","AFR"
11,0.977307110438729,"AKT1","AFR"
1,0.489913544668588,"AKT1","AMR"
2,0.726224783861671,"AKT1","AMR"
3,0.85014409221902,"AKT1","AMR"
4,0.907780979827089,"AKT1","AMR"
5,0.927953890489914,"AKT1","AMR"
6,0.939481268011527,"AKT1","AMR"
7,0.948126801152738,"AKT1","AMR"
8,0.953890489913545,"AKT1","AMR"
9,0.956772334293948,"AKT1","AMR"
10,0.956772334293948,"AKT1","AMR"
1,0.490079365079365,"AKT1","EAS"
2,0.68452380952381,"AKT1","EAS"
3,0.78968253968254,"AKT1","EAS"
4,0.831349206349206,"AKT1","EAS"
5,0.849206349206349,"AKT1","EAS"
6,0.85515873015873,"AKT1","EAS"
7,0.861111111111111,"AKT1","EAS"
8,0.867063492063492,"AKT1","EAS"
9,0.869047619047619,"AKT1","EAS"
10,0.871031746031746,"AKT1","EAS"
11,0.871031746031746,"AKT1","EAS"
1,0.526838966202783,"AKT1","EUR"
2,0.755467196819085,"AKT1","EUR"
3,0.858846918489066,"AKT1","EUR"
4,0.89065606361829,"AKT1","EUR"
5,0.908548707753479,"AKT1","EUR"
6,0.922465208747515,"AKT1","EUR"
7,0.932405566600398,"AKT1","EUR"
8,0.936381709741551,"AKT1","EUR"
9,0.938369781312127,"AKT1","EUR"
10,0.940357852882704,"AKT1","EUR"
11,0.94234592445328,"AKT1","EUR"
12,0.94234592445328,"AKT1","EUR"
1,0.539877300613497,"AKT1","SAS"
2,0.797546012269939,"AKT1","SAS"
3,0.879345603271984,"AKT1","SAS"
4,0.905930470347648,"AKT1","SAS"
5,0.922290388548057,"AKT1","SAS"
6,0.936605316973415,"AKT1","SAS"
7,0.942740286298569,"AKT1","SAS"
8,0.948875255623722,"AKT1","SAS"
9,0.952965235173824,"AKT1","SAS"
10,0.955010224948875,"AKT1","SAS"
11,0.957055214723926,"AKT1","SAS"
12,0.957055214723926,"AKT1","SAS"
1,0.514372163388805,"CARD11","AFR"
2,0.770045385779123,"CARD11","AFR"
3,0.897125567322239,"CARD11","AFR"
4,0.954614220877458,"CARD11","AFR"
5,0.977307110438729,"CARD11","AFR"
6,0.986384266263237,"CARD11","AFR"
7,0.992435703479576,"CARD11","AFR"
8,0.993948562783661,"CARD11","AFR"
9,0.995461422087746,"CARD11","AFR"
10,0.995461422087746,"CARD11","AFR"
1,0.507204610951009,"CARD11","AMR"
2,0.75792507204611,"CARD11","AMR"
3,0.893371757925072,"CARD11","AMR"
4,0.951008645533141,"CARD11","AMR"
5,0.979827089337176,"CARD11","AMR"
6,0.985590778097983,"CARD11","AMR"
7,0.988472622478386,"CARD11","AMR"
8,0.99135446685879,"CARD11","AMR"
9,0.994236311239193,"CARD11","AMR"
10,0.994236311239193,"CARD11","AMR"
1,0.523809523809524,"CARD11","EAS"
2,0.75,"CARD11","EAS"
3,0.863095238095238,"CARD11","EAS"
4,0.926587301587302,"CARD11","EAS"
5,0.958333333333333,"CARD11","EAS"
6,0.972222222222222,"CARD11","EAS"
7,0.982142857142857,"CARD11","EAS"
8,0.988095238095238,"CARD11","EAS"
9,0.994047619047619,"CARD11","EAS"
10,0.996031746031746,"CARD11","EAS"
11,0.998015873015873,"CARD11","EAS"
12,0.998015873015873,"CARD11","EAS"
1,0.514910536779324,"CARD11","EUR"
2,0.759443339960239,"CARD11","EUR"
3,0.886679920477137,"CARD11","EUR"
4,0.944333996023857,"CARD11","EUR"
5,0.972166998011928,"CARD11","EUR"
6,0.986083499005964,"CARD11","EUR"
7,0.990059642147117,"CARD11","EUR"
8,0.99403578528827,"CARD11","EUR"
9,0.99403578528827,"CARD11","EUR"
1,0.519427402862986,"CARD11","SAS"
2,0.773006134969325,"CARD11","SAS"
3,0.887525562372188,"CARD11","SAS"
4,0.94478527607362,"CARD11","SAS"
5,0.965235173824131,"CARD11","SAS"
6,0.975460122699387,"CARD11","SAS"
7,0.98159509202454,"CARD11","SAS"
8,0.983640081799591,"CARD11","SAS"
9,0.985685071574642,"CARD11","SAS"
10,0.985685071574642,"CARD11","SAS"
1,0.491679273827534,"COL1A1","AFR"
2,0.709531013615734,"COL1A1","AFR"
3,0.803328290468986,"COL1A1","AFR"
4,0.860816944024206,"COL1A1","AFR"
5,0.889561270801815,"COL1A1","AFR"
6,0.907715582450832,"COL1A1","AFR"
7,0.924357034795764,"COL1A1","AFR"
8,0.933434190620272,"COL1A1","AFR"
9,0.936459909228442,"COL1A1","AFR"
10,0.939485627836611,"COL1A1","AFR"
11,0.940998487140696,"COL1A1","AFR"
12,0.942511346444781,"COL1A1","AFR"
13,0.942511346444781,"COL1A1","AFR"
1,0.524495677233429,"COL1A1","AMR"
2,0.723342939481268,"COL1A1","AMR"
3,0.832853025936599,"COL1A1","AMR"
4,0.878962536023055,"COL1A1","AMR"
5,0.899135446685879,"COL1A1","AMR"
6,0.9164265129683,"COL1A1","AMR"
7,0.927953890489914,"COL1A1","AMR"
8,0.930835734870317,"COL1A1","AMR"
9,0.930835734870317,"COL1A1","AMR"
1,0.484126984126984,"COL1A1","EAS"
2,0.724206349206349,"COL1A1","EAS"
3,0.841269841269841,"COL1A1","EAS"
4,0.878968253968254,"COL1A1","EAS"
5,0.896825396825397,"COL1A1","EAS"
6,0.902777777777778,"COL1A1","EAS"
7,0.906746031746032,"COL1A1","EAS"
8,0.908730158730159,"COL1A1","EAS"
9,0.910714285714286,"COL1A1","EAS"
10,0.910714285714286,"COL1A1","EAS"
1,0.504970178926441,"COL1A1","EUR"
2,0.737574552683897,"COL1A1","EUR"
3,0.848906560636183,"COL1A1","EUR"
4,0.90258449304175,"COL1A1","EUR"
5,0.918489065606362,"COL1A1","EUR"
6,0.926441351888668,"COL1A1","EUR"
7,0.930417495029821,"COL1A1","EUR"
8,0.930417495029821,"COL1A1","EUR"
1,0.507157464212679,"COL1A1","SAS"
2,0.723926380368098,"COL1A1","SAS"
3,0.83640081799591,"COL1A1","SAS"
4,0.850715746421268,"COL1A1","SAS"
5,0.860940695296524,"COL1A1","SAS"
6,0.867075664621677,"COL1A1","SAS"
7,0.869120654396728,"COL1A1","SAS"
8,0.869120654396728,"COL1A1","SAS"
1,0.505295007564297,"COL1A2","AFR"
2,0.732223903177005,"COL1A2","AFR"
3,0.851739788199697,"COL1A2","AFR"
4,0.885022692889561,"COL1A2","AFR"
5,0.904689863842663,"COL1A2","AFR"
6,0.91981845688351,"COL1A2","AFR"
7,0.925869894099849,"COL1A2","AFR"
8,0.927382753403933,"COL1A2","AFR"
9,0.928895612708018,"COL1A2","AFR"
10,0.930408472012103,"COL1A2","AFR"
11,0.931921331316188,"COL1A2","AFR"
12,0.933434190620272,"COL1A2","AFR"
13,0.933434190620272,"COL1A2","AFR"
1,0.489913544668588,"COL1A2","AMR"
2,0.717579250720461,"COL1A2","AMR"
3,0.829971181556196,"COL1A2","AMR"
4,0.876080691642651,"COL1A2","AMR"
5,0.899135446685879,"COL1A2","AMR"
6,0.904899135446686,"COL1A2","AMR"
7,0.907780979827089,"COL1A2","AMR"
8,0.910662824207493,"COL1A2","AMR"
9,0.913544668587896,"COL1A2","AMR"
10,0.913544668587896,"COL1A2","AMR"
1,0.515873015873016,"COL1A2","EAS"
2,0.700396825396825,"COL1A2","EAS"
3,0.799603174603175,"COL1A2","EAS"
4,0.823412698412698,"COL1A2","EAS"
5,0.83531746031746,"COL1A2","EAS"
6,0.83531746031746,"COL1A2","EAS"
1,0.512922465208748,"COL1A2","EUR"
2,0.745526838966203,"COL1A2","EUR"
3,0.827037773359841,"COL1A2","EUR"
4,0.876739562624254,"COL1A2","EUR"
5,0.89662027833002,"COL1A2","EUR"
6,0.90258449304175,"COL1A2","EUR"
7,0.904572564612326,"COL1A2","EUR"
8,0.906560636182903,"COL1A2","EUR"
9,0.908548707753479,"COL1A2","EUR"
10,0.908548707753479,"COL1A2","EUR"
1,0.494887525562372,"COL1A2","SAS"
2,0.734151329243354,"COL1A2","SAS"
3,0.838445807770961,"COL1A2","SAS"
4,0.87321063394683,"COL1A2","SAS"
5,0.889570552147239,"COL1A2","SAS"
6,0.89161554192229,"COL1A2","SAS"
7,0.89161554192229,"COL1A2","SAS"
1,0.524962178517398,"COL2A1","AFR"
2,0.763993948562784,"COL2A1","AFR"
3,0.857791225416036,"COL2A1","AFR"
4,0.907715582450832,"COL2A1","AFR"
5,0.927382753403933,"COL2A1","AFR"
6,0.937972768532526,"COL2A1","AFR"
7,0.94553706505295,"COL2A1","AFR"
8,0.951588502269289,"COL2A1","AFR"
9,0.953101361573374,"COL2A1","AFR"
10,0.954614220877458,"COL2A1","AFR"
11,0.956127080181543,"COL2A1","AFR"
12,0.956127080181543,"COL2A1","AFR"
1,0.498559077809798,"COL2A1","AMR"
2,0.717579250720461,"COL2A1","AMR"
3,0.760806916426513,"COL2A1","AMR"
4,0.783861671469741,"COL2A1","AMR"
5,0.798270893371758,"COL2A1","AMR"
6,0.804034582132565,"COL2A1","AMR"
7,0.806916426512968,"COL2A1","AMR"
8,0.809798270893372,"COL2A1","AMR"
9,0.812680115273775,"COL2A1","AMR"
10,0.812680115273775,"COL2A1","AMR"
1,0.509920634920635,"COL2A1","EAS"
2,0.71031746031746,"COL2A1","EAS"
3,0.76984126984127,"COL2A1","EAS"
4,0.805555555555556,"COL2A1","EAS"
5,0.821428571428571,"COL2A1","EAS"
6,0.83531746031746,"COL2A1","EAS"
7,0.845238095238095,"COL2A1","EAS"
8,0.851190476190476,"COL2A1","EAS"
9,0.85515873015873,"COL2A1","EAS"
10,0.857142857142857,"COL2A1","EAS"
11,0.859126984126984,"COL2A1","EAS"
12,0.861111111111111,"COL2A1","EAS"
13,0.861111111111111,"COL2A1","EAS"
1,0.538767395626243,"COL2A1","EUR"
2,0.719681908548708,"COL2A1","EUR"
3,0.803180914512923,"COL2A1","EUR"
4,0.84493041749503,"COL2A1","EUR"
5,0.866799204771372,"COL2A1","EUR"
6,0.874751491053678,"COL2A1","EUR"
7,0.880715705765408,"COL2A1","EUR"
8,0.884691848906561,"COL2A1","EUR"
9,0.886679920477137,"COL2A1","EUR"
10,0.888667992047714,"COL2A1","EUR"
11,0.888667992047714,"COL2A1","EUR"
1,0.537832310838446,"COL2A1","SAS"
2,0.78118609406953,"COL2A1","SAS"
3,0.850715746421268,"COL2A1","SAS"
4,0.877300613496933,"COL2A1","SAS"
5,0.893660531697341,"COL2A1","SAS"
6,0.903885480572597,"COL2A1","SAS"
7,0.907975460122699,"COL2A1","SAS"
8,0.912065439672802,"COL2A1","SAS"
9,0.916155419222904,"COL2A1","SAS"
10,0.918200408997955,"COL2A1","SAS"
11,0.920245398773006,"COL2A1","SAS"
12,0.922290388548057,"COL2A1","SAS"
13,0.924335378323108,"COL2A1","SAS"
14,0.92638036809816,"COL2A1","SAS"
15,0.92638036809816,"COL2A1","SAS"
1,0.456883509833585,"KCNJ11","AFR"
2,0.549167927382753,"KCNJ11","AFR"
3,0.627836611195159,"KCNJ11","AFR"
4,0.680786686838124,"KCNJ11","AFR"
5,0.692889561270802,"KCNJ11","AFR"
6,0.698940998487141,"KCNJ11","AFR"
7,0.70196671709531,"KCNJ11","AFR"
8,0.70499243570348,"KCNJ11","AFR"
9,0.706505295007564,"KCNJ11","AFR"
10,0.708018154311649,"KCNJ11","AFR"
11,0.708018154311649,"KCNJ11","AFR"
1,0.489913544668588,"KCNJ11","AMR"
2,0.708933717579251,"KCNJ11","AMR"
3,0.772334293948127,"KCNJ11","AMR"
4,0.780979827089337,"KCNJ11","AMR"
5,0.783861671469741,"KCNJ11","AMR"
6,0.786743515850144,"KCNJ11","AMR"
7,0.789625360230548,"KCNJ11","AMR"
8,0.789625360230548,"KCNJ11","AMR"
1,0.509920634920635,"KCNJ11","EAS"
2,0.601190476190476,"KCNJ11","EAS"
3,0.623015873015873,"KCNJ11","EAS"
4,0.642857142857143,"KCNJ11","EAS"
5,0.64484126984127,"KCNJ11","EAS"
6,0.64484126984127,"KCNJ11","EAS"
1,0.499005964214712,"KCNJ11","EUR"
2,0.685884691848907,"KCNJ11","EUR"
3,0.731610337972167,"KCNJ11","EUR"
4,0.757455268389662,"KCNJ11","EUR"
5,0.761431411530815,"KCNJ11","EUR"
6,0.761431411530815,"KCNJ11","EUR"
1,0.476482617586912,"KCNJ11","SAS"
2,0.660531697341513,"KCNJ11","SAS"
3,0.723926380368098,"KCNJ11","SAS"
4,0.742331288343558,"KCNJ11","SAS"
5,0.750511247443763,"KCNJ11","SAS"
6,0.754601226993865,"KCNJ11","SAS"
7,0.756646216768916,"KCNJ11","SAS"
8,0.756646216768916,"KCNJ11","SAS"
1,0.527987897125567,"KCNQ2","AFR"
2,0.739788199697428,"KCNQ2","AFR"
3,0.841149773071104,"KCNQ2","AFR"
4,0.900151285930408,"KCNQ2","AFR"
5,0.930408472012103,"KCNQ2","AFR"
6,0.951588502269289,"KCNQ2","AFR"
7,0.962178517397882,"KCNQ2","AFR"
8,0.968229954614221,"KCNQ2","AFR"
9,0.97125567322239,"KCNQ2","AFR"
10,0.972768532526475,"KCNQ2","AFR"
11,0.97428139183056,"KCNQ2","AFR"
12,0.975794251134644,"KCNQ2","AFR"
13,0.975794251134644,"KCNQ2","AFR"
1,0.527377521613833,"KCNQ2","AMR"
2,0.763688760806916,"KCNQ2","AMR"
3,0.870317002881844,"KCNQ2","AMR"
4,0.9164265129683,"KCNQ2","AMR"
5,0.93371757925072,"KCNQ2","AMR"
6,0.945244956772334,"KCNQ2","AMR"
7,0.953890489913545,"KCNQ2","AMR"
8,0.956772334293948,"KCNQ2","AMR"
9,0.959654178674352,"KCNQ2","AMR"
10,0.962536023054755,"KCNQ2","AMR"
11,0.965417867435158,"KCNQ2","AMR"
12,0.965417867435158,"KCNQ2","AMR"
1,0.529761904761905,"KCNQ2","EAS"
2,0.71031746031746,"KCNQ2","EAS"
3,0.78968253968254,"KCNQ2","EAS"
4,0.821428571428571,"KCNQ2","EAS"
5,0.843253968253968,"KCNQ2","EAS"
6,0.863095238095238,"KCNQ2","EAS"
7,0.873015873015873,"KCNQ2","EAS"
8,0.882936507936508,"KCNQ2","EAS"
9,0.888888888888889,"KCNQ2","EAS"
10,0.892857142857143,"KCNQ2","EAS"
11,0.896825396825397,"KCNQ2","EAS"
12,0.898809523809524,"KCNQ2","EAS"
13,0.900793650793651,"KCNQ2","EAS"
14,0.902777777777778,"KCNQ2","EAS"
15,0.904761904761905,"KCNQ2","EAS"
16,0.904761904761905,"KCNQ2","EAS"
1,0.481113320079523,"KCNQ2","EUR"
2,0.717693836978131,"KCNQ2","EUR"
3,0.846918489065606,"KCNQ2","EUR"
4,0.898608349900596,"KCNQ2","EUR"
5,0.922465208747515,"KCNQ2","EUR"
6,0.934393638170974,"KCNQ2","EUR"
7,0.940357852882704,"KCNQ2","EUR"
8,0.944333996023857,"KCNQ2","EUR"
9,0.94831013916501,"KCNQ2","EUR"
10,0.950298210735587,"KCNQ2","EUR"
11,0.952286282306163,"KCNQ2","EUR"
12,0.95427435387674,"KCNQ2","EUR"
13,0.95427435387674,"KCNQ2","EUR"
1,0.507157464212679,"KCNQ2","SAS"
2,0.7280163599182,"KCNQ2","SAS"
3,0.828220858895706,"KCNQ2","SAS"
4,0.867075664621677,"KCNQ2","SAS"
5,0.887525562372188,"KCNQ2","SAS"
6,0.899795501022495,"KCNQ2","SAS"
7,0.912065439672802,"KCNQ2","SAS"
8,0.918200408997955,"KCNQ2","SAS"
9,0.922290388548057,"KCNQ2","SAS"
10,0.92638036809816,"KCNQ2","SAS"
11,0.930470347648262,"KCNQ2","SAS"
12,0.932515337423313,"KCNQ2","SAS"
13,0.932515337423313,"KCNQ2","SAS"
1,0.521936459909228,"KIF1A","AFR"
2,0.760968229954614,"KIF1A","AFR"
3,0.878971255673222,"KIF1A","AFR"
4,0.939485627836611,"KIF1A","AFR"
5,0.965204236006051,"KIF1A","AFR"
6,0.977307110438729,"KIF1A","AFR"
7,0.981845688350983,"KIF1A","AFR"
8,0.986384266263237,"KIF1A","AFR"
9,0.989409984871407,"KIF1A","AFR"
10,0.990922844175492,"KIF1A","AFR"
11,0.992435703479576,"KIF1A","AFR"
12,0.993948562783661,"KIF1A","AFR"
13,0.995461422087746,"KIF1A","AFR"
14,0.995461422087746,"KIF1A","AFR"
1,0.510086455331412,"KIF1A","AMR"
2,0.723342939481268,"KIF1A","AMR"
3,0.832853025936599,"KIF1A","AMR"
4,0.881844380403458,"KIF1A","AMR"
5,0.910662824207493,"KIF1A","AMR"
6,0.930835734870317,"KIF1A","AMR"
7,0.945244956772334,"KIF1A","AMR"
8,0.951008645533141,"KIF1A","AMR"
9,0.956772334293948,"KIF1A","AMR"
10,0.959654178674352,"KIF1A","AMR"
11,0.962536023054755,"KIF1A","AMR"
12,0.962536023054755,"KIF1A","AMR"
1,0.531746031746032,"KIF1A","EAS"
2,0.759920634920635,"KIF1A","EAS"
3,0.859126984126984,"KIF1A","EAS"
4,0.912698412698413,"KIF1A","EAS"
5,0.942460317460317,"KIF1A","EAS"
6,0.962301587301587,"KIF1A","EAS"
7,0.968253968253968,"KIF1A","EAS"
8,0.974206349206349,"KIF1A","EAS"
9,0.976190476190476,"KIF1A","EAS"
10,0.978174603174603,"KIF1A","EAS"
11,0.98015873015873,"KIF1A","EAS"
12,0.982142857142857,"KIF1A","EAS"
13,0.982142857142857,"KIF1A","EAS"
1,0.52286282306163,"KIF1A","EUR"
2,0.755467196819085,"KIF1A","EUR"
3,0.856858846918489,"KIF1A","EUR"
4,0.918489065606362,"KIF1A","EUR"
5,0.960238568588469,"KIF1A","EUR"
6,0.976143141153082,"KIF1A","EUR"
7,0.982107355864811,"KIF1A","EUR"
8,0.984095427435388,"KIF1A","EUR"
9,0.986083499005964,"KIF1A","EUR"
10,0.988071570576541,"KIF1A","EUR"
11,0.990059642147117,"KIF1A","EUR"
12,0.992047713717694,"KIF1A","EUR"
13,0.992047713717694,"KIF1A","EUR"
1,0.531697341513292,"KIF1A","SAS"
2,0.738241308793456,"KIF1A","SAS"
3,0.85480572597137,"KIF1A","SAS"
4,0.912065439672802,"KIF1A","SAS"
5,0.946830265848671,"KIF1A","SAS"
6,0.967280163599182,"KIF1A","SAS"
7,0.973415132924335,"KIF1A","SAS"
8,0.977505112474438,"KIF1A","SAS"
9,0.979550102249489,"KIF1A","SAS"
10,0.98159509202454,"KIF1A","SAS"
11,0.983640081799591,"KIF1A","SAS"
12,0.985685071574642,"KIF1A","SAS"
13,0.985685071574642,"KIF1A","SAS"
1,0.43267776096823,"KIF5B","AFR"
2,0.65052950075643,"KIF5B","AFR"
3,0.668683812405446,"KIF5B","AFR"
4,0.674735249621785,"KIF5B","AFR"
5,0.674735249621785,"KIF5B","AFR"
1,0.510086455331412,"KIF5B","AMR"
2,0.622478386167147,"KIF5B","AMR"
3,0.636887608069164,"KIF5B","AMR"
4,0.636887608069164,"KIF5B","AMR"
1,0.501984126984127,"KIF5B","EAS"
2,0.511904761904762,"KIF5B","EAS"
3,0.511904761904762,"KIF5B","EAS"
1,0.451292246520875,"KIF5B","EUR"
2,0.588469184890656,"KIF5B","EUR"
3,0.588469184890656,"KIF5B","EUR"
1,0.505112474437628,"KIF5B","SAS"
2,0.633946830265849,"KIF5B","SAS"
3,0.6359918200409,"KIF5B","SAS"
4,0.6359918200409,"KIF5B","SAS"
1,0.497730711043873,"MTOR","AFR"
2,0.733736762481089,"MTOR","AFR"
3,0.794251134644478,"MTOR","AFR"
4,0.818456883509834,"MTOR","AFR"
5,0.832072617246596,"MTOR","AFR"
6,0.838124054462935,"MTOR","AFR"
7,0.844175491679274,"MTOR","AFR"
8,0.847201210287443,"MTOR","AFR"
9,0.848714069591528,"MTOR","AFR"
10,0.850226928895613,"MTOR","AFR"
11,0.850226928895613,"MTOR","AFR"
1,0.403458213256484,"MTOR","AMR"
2,0.475504322766571,"MTOR","AMR"
3,0.484149855907781,"MTOR","AMR"
4,0.489913544668588,"MTOR","AMR"
5,0.492795389048991,"MTOR","AMR"
6,0.492795389048991,"MTOR","AMR"
1,0.369047619047619,"MTOR","EAS"
2,0.408730158730159,"MTOR","EAS"
3,0.416666666666667,"MTOR","EAS"
4,0.420634920634921,"MTOR","EAS"
5,0.420634920634921,"MTOR","EAS"
1,0.393638170974155,"MTOR","EUR"
2,0.437375745526839,"MTOR","EUR"
3,0.449304174950298,"MTOR","EUR"
4,0.453280318091451,"MTOR","EUR"
5,0.455268389662028,"MTOR","EUR"
6,0.457256461232604,"MTOR","EUR"
7,0.457256461232604,"MTOR","EUR"
1,0.445807770961145,"MTOR","SAS"
2,0.523517382413088,"MTOR","SAS"
3,0.550102249488753,"MTOR","SAS"
4,0.572597137014315,"MTOR","SAS"
5,0.578732106339468,"MTOR","SAS"
6,0.58077709611452,"MTOR","SAS"
7,0.58282208588957,"MTOR","SAS"
8,0.584867075664622,"MTOR","SAS"
9,0.584867075664622,"MTOR","SAS"
1,0.547655068078669,"NLRP3","AFR"
2,0.776096822995461,"NLRP3","AFR"
3,0.901664145234493,"NLRP3","AFR"
4,0.947049924357035,"NLRP3","AFR"
5,0.97125567322239,"NLRP3","AFR"
6,0.984871406959153,"NLRP3","AFR"
7,0.992435703479576,"NLRP3","AFR"
8,0.995461422087746,"NLRP3","AFR"
9,0.99697428139183,"NLRP3","AFR"
10,0.99697428139183,"NLRP3","AFR"
1,0.527377521613833,"NLRP3","AMR"
2,0.749279538904899,"NLRP3","AMR"
3,0.867435158501441,"NLRP3","AMR"
4,0.92507204610951,"NLRP3","AMR"
5,0.948126801152738,"NLRP3","AMR"
6,0.965417867435158,"NLRP3","AMR"
7,0.971181556195965,"NLRP3","AMR"
8,0.976945244956772,"NLRP3","AMR"
9,0.979827089337176,"NLRP3","AMR"
10,0.979827089337176,"NLRP3","AMR"
1,0.503968253968254,"NLRP3","EAS"
2,0.761904761904762,"NLRP3","EAS"
3,0.878968253968254,"NLRP3","EAS"
4,0.932539682539683,"NLRP3","EAS"
5,0.96031746031746,"NLRP3","EAS"
6,0.972222222222222,"NLRP3","EAS"
7,0.978174603174603,"NLRP3","EAS"
8,0.982142857142857,"NLRP3","EAS"
9,0.984126984126984,"NLRP3","EAS"
10,0.984126984126984,"NLRP3","EAS"
1,0.520874751491054,"NLRP3","EUR"
2,0.769383697813121,"NLRP3","EUR"
3,0.892644135188867,"NLRP3","EUR"
4,0.944333996023857,"NLRP3","EUR"
5,0.964214711729622,"NLRP3","EUR"
6,0.976143141153082,"NLRP3","EUR"
7,0.984095427435388,"NLRP3","EUR"
8,0.986083499005964,"NLRP3","EUR"
9,0.988071570576541,"NLRP3","EUR"
10,0.990059642147117,"NLRP3","EUR"
11,0.990059642147117,"NLRP3","EUR"
1,0.539877300613497,"NLRP3","SAS"
2,0.805725971370143,"NLRP3","SAS"
3,0.91002044989775,"NLRP3","SAS"
4,0.961145194274029,"NLRP3","SAS"
5,0.973415132924335,"NLRP3","SAS"
6,0.983640081799591,"NLRP3","SAS"
7,0.985685071574642,"NLRP3","SAS"
8,0.987730061349693,"NLRP3","SAS"
9,0.987730061349693,"NLRP3","SAS"
1,0.502269288956127,"PIK3CA","AFR"
2,0.659606656580938,"PIK3CA","AFR"
3,0.695915279878971,"PIK3CA","AFR"
4,0.712556732223903,"PIK3CA","AFR"
5,0.726172465960666,"PIK3CA","AFR"
6,0.72768532526475,"PIK3CA","AFR"
7,0.729198184568835,"PIK3CA","AFR"
8,0.729198184568835,"PIK3CA","AFR"
1,0.507204610951009,"PIK3CA","AMR"
2,0.631123919308357,"PIK3CA","AMR"
3,0.657060518731988,"PIK3CA","AMR"
4,0.671469740634006,"PIK3CA","AMR"
5,0.680115273775216,"PIK3CA","AMR"
6,0.68299711815562,"PIK3CA","AMR"
7,0.68299711815562,"PIK3CA","AMR"
1,0.384920634920635,"PIK3CA","EAS"
2,0.41468253968254,"PIK3CA","EAS"
3,0.426587301587302,"PIK3CA","EAS"
4,0.426587301587302,"PIK3CA","EAS"
1,0.506958250497018,"PIK3CA","EUR"
2,0.642147117296223,"PIK3CA","EUR"
3,0.679920477137177,"PIK3CA","EUR"
4,0.705765407554672,"PIK3CA","EUR"
5,0.709741550695825,"PIK3CA","EUR"
6,0.713717693836978,"PIK3CA","EUR"
7,0.715705765407555,"PIK3CA","EUR"
8,0.715705765407555,"PIK3CA","EUR"
1,0.468302658486708,"PIK3CA","SAS"
2,0.586912065439673,"PIK3CA","SAS"
3,0.695296523517382,"PIK3CA","SAS"
4,0.723926380368098,"PIK3CA","SAS"
5,0.736196319018405,"PIK3CA","SAS"
6,0.740286298568507,"PIK3CA","SAS"
7,0.740286298568507,"PIK3CA","SAS"
1,0.473524962178517,"RELA","AFR"
2,0.670196671709531,"RELA","AFR"
3,0.715582450832073,"RELA","AFR"
4,0.715582450832073,"RELA","AFR"
1,0.432276657060519,"RELA","AMR"
2,0.585014409221902,"RELA","AMR"
3,0.593659942363112,"RELA","AMR"
4,0.593659942363112,"RELA","AMR"
1,0.466269841269841,"RELA","EAS"
2,0.615079365079365,"RELA","EAS"
3,0.615079365079365,"RELA","EAS"
1,0.516898608349901,"RELA","EUR"
2,0.608349900596421,"RELA","EUR"
3,0.608349900596421,"RELA","EUR"
1,0.503067484662577,"RELA","SAS"
2,0.54601226993865,"RELA","SAS"
3,0.54601226993865,"RELA","SAS"
1,0.502269288956127,"SCN2A","AFR"
2,0.748865355521936,"SCN2A","AFR"
3,0.866868381240545,"SCN2A","AFR"
4,0.91679273827534,"SCN2A","AFR"
5,0.947049924357035,"SCN2A","AFR"
6,0.963691376701967,"SCN2A","AFR"
7,0.97125567322239,"SCN2A","AFR"
8,0.975794251134644,"SCN2A","AFR"
9,0.978819969742814,"SCN2A","AFR"
10,0.978819969742814,"SCN2A","AFR"
1,0.515850144092219,"SCN2A","AMR"
2,0.763688760806916,"SCN2A","AMR"
3,0.855907780979827,"SCN2A","AMR"
4,0.904899135446686,"SCN2A","AMR"
5,0.919308357348703,"SCN2A","AMR"
6,0.92507204610951,"SCN2A","AMR"
7,0.927953890489914,"SCN2A","AMR"
8,0.927953890489914,"SCN2A","AMR"
1,0.5,"SCN2A","EAS"
2,0.722222222222222,"SCN2A","EAS"
3,0.823412698412698,"SCN2A","EAS"
4,0.867063492063492,"SCN2A","EAS"
5,0.884920634920635,"SCN2A","EAS"
6,0.900793650793651,"SCN2A","EAS"
7,0.910714285714286,"SCN2A","EAS"
8,0.91468253968254,"SCN2A","EAS"
9,0.916666666666667,"SCN2A","EAS"
10,0.916666666666667,"SCN2A","EAS"
1,0.526838966202783,"SCN2A","EUR"
2,0.769383697813121,"SCN2A","EUR"
3,0.866799204771372,"SCN2A","EUR"
4,0.910536779324056,"SCN2A","EUR"
5,0.930417495029821,"SCN2A","EUR"
6,0.936381709741551,"SCN2A","EUR"
7,0.940357852882704,"SCN2A","EUR"
8,0.944333996023857,"SCN2A","EUR"
9,0.946322067594433,"SCN2A","EUR"
10,0.94831013916501,"SCN2A","EUR"
11,0.94831013916501,"SCN2A","EUR"
1,0.513292433537832,"SCN2A","SAS"
2,0.756646216768916,"SCN2A","SAS"
3,0.846625766871166,"SCN2A","SAS"
4,0.887525562372188,"SCN2A","SAS"
5,0.916155419222904,"SCN2A","SAS"
6,0.92638036809816,"SCN2A","SAS"
7,0.930470347648262,"SCN2A","SAS"
8,0.932515337423313,"SCN2A","SAS"
9,0.934560327198364,"SCN2A","SAS"
10,0.934560327198364,"SCN2A","SAS"
1,0.493192133131619,"SCN8A","AFR"
2,0.715582450832073,"SCN8A","AFR"
3,0.830559757942511,"SCN8A","AFR"
4,0.883509833585477,"SCN8A","AFR"
5,0.906202723146747,"SCN8A","AFR"
6,0.921331316187595,"SCN8A","AFR"
7,0.931921331316188,"SCN8A","AFR"
8,0.939485627836611,"SCN8A","AFR"
9,0.942511346444781,"SCN8A","AFR"
10,0.944024205748865,"SCN8A","AFR"
11,0.944024205748865,"SCN8A","AFR"
1,0.530259365994236,"SCN8A","AMR"
2,0.688760806916426,"SCN8A","AMR"
3,0.76657060518732,"SCN8A","AMR"
4,0.804034582132565,"SCN8A","AMR"
5,0.824207492795389,"SCN8A","AMR"
6,0.829971181556196,"SCN8A","AMR"
7,0.832853025936599,"SCN8A","AMR"
8,0.832853025936599,"SCN8A","AMR"
1,0.494047619047619,"SCN8A","EAS"
2,0.71031746031746,"SCN8A","EAS"
3,0.807539682539683,"SCN8A","EAS"
4,0.825396825396825,"SCN8A","EAS"
5,0.83531746031746,"SCN8A","EAS"
6,0.841269841269841,"SCN8A","EAS"
7,0.843253968253968,"SCN8A","EAS"
8,0.843253968253968,"SCN8A","EAS"
1,0.481113320079523,"SCN8A","EUR"
2,0.695825049701789,"SCN8A","EUR"
3,0.755467196819085,"SCN8A","EUR"
4,0.779324055666004,"SCN8A","EUR"
5,0.79324055666004,"SCN8A","EUR"
6,0.799204771371769,"SCN8A","EUR"
7,0.801192842942346,"SCN8A","EUR"
8,0.801192842942346,"SCN8A","EUR"
1,0.494887525562372,"SCN8A","SAS"
2,0.738241308793456,"SCN8A","SAS"
3,0.832310838445808,"SCN8A","SAS"
4,0.875255623721881,"SCN8A","SAS"
5,0.895705521472393,"SCN8A","SAS"
6,0.907975460122699,"SCN8A","SAS"
7,0.916155419222904,"SCN8A","SAS"
8,0.918200408997955,"SCN8A","SAS"
9,0.918200408997955,"SCN8A","SAS"
1,0.520423600605144,"SPTAN1","AFR"
2,0.741301059001513,"SPTAN1","AFR"
3,0.80786686838124,"SPTAN1","AFR"
4,0.842662632375189,"SPTAN1","AFR"
5,0.851739788199697,"SPTAN1","AFR"
6,0.856278366111952,"SPTAN1","AFR"
7,0.859304084720121,"SPTAN1","AFR"
8,0.860816944024206,"SPTAN1","AFR"
9,0.86232980332829,"SPTAN1","AFR"
10,0.863842662632375,"SPTAN1","AFR"
11,0.86535552193646,"SPTAN1","AFR"
12,0.86535552193646,"SPTAN1","AFR"
1,0.371757925072046,"SPTAN1","AMR"
2,0.39193083573487,"SPTAN1","AMR"
3,0.394812680115274,"SPTAN1","AMR"
4,0.397694524495677,"SPTAN1","AMR"
5,0.397694524495677,"SPTAN1","AMR"
1,0.507936507936508,"SPTAN1","EAS"
2,0.625,"SPTAN1","EAS"
3,0.654761904761905,"SPTAN1","EAS"
4,0.660714285714286,"SPTAN1","EAS"
5,0.66468253968254,"SPTAN1","EAS"
6,0.668650793650794,"SPTAN1","EAS"
7,0.670634920634921,"SPTAN1","EAS"
8,0.672619047619048,"SPTAN1","EAS"
9,0.672619047619048,"SPTAN1","EAS"
1,0.210735586481113,"SPTAN1","EUR"
2,0.218687872763419,"SPTAN1","EUR"
3,0.220675944333996,"SPTAN1","EUR"
4,0.220675944333996,"SPTAN1","EUR"
1,0.357873210633947,"SPTAN1","SAS"
2,0.408997955010225,"SPTAN1","SAS"
3,0.433537832310838,"SPTAN1","SAS"
4,0.441717791411043,"SPTAN1","SAS"
5,0.445807770961145,"SPTAN1","SAS"
6,0.447852760736196,"SPTAN1","SAS"
7,0.449897750511247,"SPTAN1","SAS"
8,0.451942740286299,"SPTAN1","SAS"
9,0.451942740286299,"SPTAN1","SAS"
1,0.493192133131619,"SPTLC1","AFR"
2,0.65052950075643,"SPTLC1","AFR"
3,0.70499243570348,"SPTLC1","AFR"
4,0.729198184568835,"SPTLC1","AFR"
5,0.747352496217852,"SPTLC1","AFR"
6,0.753403933434191,"SPTLC1","AFR"
7,0.757942511346445,"SPTLC1","AFR"
8,0.760968229954614,"SPTLC1","AFR"
9,0.762481089258699,"SPTLC1","AFR"
10,0.762481089258699,"SPTLC1","AFR"
1,0.44956772334294,"SPTLC1","AMR"
2,0.634005763688761,"SPTLC1","AMR"
3,0.697406340057637,"SPTLC1","AMR"
4,0.746397694524496,"SPTLC1","AMR"
5,0.75792507204611,"SPTLC1","AMR"
6,0.760806916426513,"SPTLC1","AMR"
7,0.760806916426513,"SPTLC1","AMR"
1,0.509920634920635,"SPTLC1","EAS"
2,0.626984126984127,"SPTLC1","EAS"
3,0.726190476190476,"SPTLC1","EAS"
4,0.751984126984127,"SPTLC1","EAS"
5,0.753968253968254,"SPTLC1","EAS"
6,0.753968253968254,"SPTLC1","EAS"
1,0.497017892644135,"SPTLC1","EUR"
2,0.592445328031809,"SPTLC1","EUR"
3,0.640159045725646,"SPTLC1","EUR"
4,0.656063618290258,"SPTLC1","EUR"
5,0.660039761431412,"SPTLC1","EUR"
6,0.664015904572565,"SPTLC1","EUR"
7,0.664015904572565,"SPTLC1","EUR"
1,0.498977505112474,"SPTLC1","SAS"
2,0.603271983640082,"SPTLC1","SAS"
3,0.689161554192229,"SPTLC1","SAS"
4,0.723926380368098,"SPTLC1","SAS"
5,0.734151329243354,"SPTLC1","SAS"
6,0.734151329243354,"SPTLC1","SAS"
1,0.511346444780635,"STAT1","AFR"
2,0.765506807866868,"STAT1","AFR"
3,0.872919818456883,"STAT1","AFR"
4,0.91981845688351,"STAT1","AFR"
5,0.942511346444781,"STAT1","AFR"
6,0.954614220877458,"STAT1","AFR"
7,0.963691376701967,"STAT1","AFR"
8,0.966717095310136,"STAT1","AFR"
9,0.969742813918306,"STAT1","AFR"
10,0.972768532526475,"STAT1","AFR"
11,0.97428139183056,"STAT1","AFR"
12,0.975794251134644,"STAT1","AFR"
13,0.975794251134644,"STAT1","AFR"
1,0.507204610951009,"STAT1","AMR"
2,0.737752161383285,"STAT1","AMR"
3,0.832853025936599,"STAT1","AMR"
4,0.867435158501441,"STAT1","AMR"
5,0.878962536023055,"STAT1","AMR"
6,0.884726224783862,"STAT1","AMR"
7,0.887608069164265,"STAT1","AMR"
8,0.890489913544669,"STAT1","AMR"
9,0.893371757925072,"STAT1","AMR"
10,0.893371757925072,"STAT1","AMR"
1,0.505952380952381,"STAT1","EAS"
2,0.734126984126984,"STAT1","EAS"
3,0.831349206349206,"STAT1","EAS"
4,0.878968253968254,"STAT1","EAS"
5,0.892857142857143,"STAT1","EAS"
6,0.900793650793651,"STAT1","EAS"
7,0.906746031746032,"STAT1","EAS"
8,0.910714285714286,"STAT1","EAS"
9,0.912698412698413,"STAT1","EAS"
10,0.912698412698413,"STAT1","EAS"
1,0.560636182902585,"STAT1","EUR"
2,0.743538767395626,"STAT1","EUR"
3,0.803180914512923,"STAT1","EUR"
4,0.817097415506958,"STAT1","EUR"
5,0.821073558648111,"STAT1","EUR"
6,0.825049701789264,"STAT1","EUR"
7,0.827037773359841,"STAT1","EUR"
8,0.829025844930418,"STAT1","EUR"
9,0.829025844930418,"STAT1","EUR"
1,0.507157464212679,"STAT1","SAS"
2,0.723926380368098,"STAT1","SAS"
3,0.828220858895706,"STAT1","SAS"
4,0.858895705521472,"STAT1","SAS"
5,0.875255623721881,"STAT1","SAS"
6,0.881390593047035,"STAT1","SAS"
7,0.887525562372188,"STAT1","SAS"
8,0.89161554192229,"STAT1","SAS"
9,0.893660531697341,"STAT1","SAS"
10,0.895705521472393,"STAT1","SAS"
11,0.895705521472393,"STAT1","SAS"
1,0.517397881996974,"STAT3","AFR"
2,0.770045385779123,"STAT3","AFR"
3,0.833585476550681,"STAT3","AFR"
4,0.877458396369138,"STAT3","AFR"
5,0.903177004538578,"STAT3","AFR"
6,0.924357034795764,"STAT3","AFR"
7,0.933434190620272,"STAT3","AFR"
8,0.937972768532526,"STAT3","AFR"
9,0.940998487140696,"STAT3","AFR"
10,0.944024205748865,"STAT3","AFR"
11,0.947049924357035,"STAT3","AFR"
12,0.94856278366112,"STAT3","AFR"
13,0.94856278366112,"STAT3","AFR"
1,0.44956772334294,"STAT3","AMR"
2,0.628242074927954,"STAT3","AMR"
3,0.674351585014409,"STAT3","AMR"
4,0.694524495677233,"STAT3","AMR"
5,0.703170028818444,"STAT3","AMR"
6,0.706051873198847,"STAT3","AMR"
7,0.706051873198847,"STAT3","AMR"
1,0.515873015873016,"STAT3","EAS"
2,0.726190476190476,"STAT3","EAS"
3,0.771825396825397,"STAT3","EAS"
4,0.777777777777778,"STAT3","EAS"
5,0.779761904761905,"STAT3","EAS"
6,0.781746031746032,"STAT3","EAS"
7,0.783730158730159,"STAT3","EAS"
8,0.785714285714286,"STAT3","EAS"
9,0.785714285714286,"STAT3","EAS"
1,0.481113320079523,"STAT3","EUR"
2,0.709741550695825,"STAT3","EUR"
3,0.777335984095427,"STAT3","EUR"
4,0.803180914512923,"STAT3","EUR"
5,0.805168986083499,"STAT3","EUR"
6,0.805168986083499,"STAT3","EUR"
1,0.482617586912065,"STAT3","SAS"
2,0.650306748466258,"STAT3","SAS"
3,0.738241308793456,"STAT3","SAS"
4,0.764826175869121,"STAT3","SAS"
5,0.773006134969325,"STAT3","SAS"
6,0.779141104294479,"STAT3","SAS"
7,0.78118609406953,"STAT3","SAS"
8,0.78118609406953,"STAT3","SAS"
