GENE	TRANSCRIPT_ID	FEATURE	TX_START	TX_END	GENOMIC_CHROM	GENOMIC_START0	GENOMIC_END	STRAND	LENGTH
ABCC8	ENST00000389817.8	exon	0	217	chr11	17476628	17476845	-	217
ABCC8	ENST00000389817.8	exon	1818	1960	chr11	17474885	17475027	-	142
ABCC8	ENST00000389817.8	exon	6623	6745	chr11	17470100	17470222	-	122
ABCC8	ENST00000389817.8	exon	13241	13408	chr11	17463437	17463604	-	167
ABCC8	ENST00000389817.8	exon	15020	15263	chr11	17461582	17461825	-	243
ABCC8	ENST00000389817.8	exon	16169	16358	chr11	17460487	17460676	-	189
ABCC8	ENST00000389817.8	exon	23562	23727	chr11	17453118	17453283	-	165
ABCC8	ENST00000389817.8	exon	28174	28330	chr11	17448515	17448671	-	156
ABCC8	ENST00000389817.8	exon	33533	33668	chr11	17443177	17443312	-	135
ABCC8	ENST00000389817.8	exon	33963	34126	chr11	17442719	17442882	-	163
ABCC8	ENST00000389817.8	exon	44601	44642	chr11	17432203	17432244	-	41
ABCC8	ENST00000389817.8	exon	45886	46032	chr11	17430813	17430959	-	146
ABCC8	ENST00000389817.8	exon	48175	48281	chr11	17428564	17428670	-	106
ABCC8	ENST00000389817.8	exon	48440	48557	chr11	17428288	17428405	-	117
ABCC8	ENST00000389817.8	exon	48903	48979	chr11	17427866	17427942	-	76
ABCC8	ENST00000389817.8	exon	49691	49797	chr11	17427048	17427154	-	106
ABCC8	ENST00000389817.8	exon	59883	59916	chr11	17416929	17416962	-	33
ABCC8	ENST00000389817.8	exon	61506	61542	chr11	17415303	17415339	-	36
ABCC8	ENST00000389817.8	exon	62235	62334	chr11	17414511	17414610	-	99
ABCC8	ENST00000389817.8	exon	63367	63452	chr11	17413393	17413478	-	85
ABCC8	ENST00000389817.8	exon	64099	64180	chr11	17412665	17412746	-	81
ABCC8	ENST00000389817.8	exon	66192	66330	chr11	17410515	17410653	-	138
ABCC8	ENST00000389817.8	exon	68328	68454	chr11	17408391	17408517	-	126
ABCC8	ENST00000389817.8	exon	69392	69492	chr11	17407353	17407453	-	100
ABCC8	ENST00000389817.8	exon	69716	69958	chr11	17406887	17407129	-	242
ABCC8	ENST00000389817.8	exon	70057	70224	chr11	17406621	17406788	-	167
ABCC8	ENST00000389817.8	exon	71282	71352	chr11	17405493	17405563	-	70
ABCC8	ENST00000389817.8	exon	72176	72334	chr11	17404511	17404669	-	158
ABCC8	ENST00000389817.8	exon	74092	74185	chr11	17402660	17402753	-	93
ABCC8	ENST00000389817.8	exon	78404	78507	chr11	17398338	17398441	-	103
ABCC8	ENST00000389817.8	exon	79048	79162	chr11	17397683	17397797	-	114
ABCC8	ENST00000389817.8	exon	79532	79653	chr11	17397192	17397313	-	121
ABCC8	ENST00000389817.8	exon	79799	79930	chr11	17396915	17397046	-	131
ABCC8	ENST00000389817.8	exon	80915	80994	chr11	17395851	17395930	-	79
ABCC8	ENST00000389817.8	exon	81127	81236	chr11	17395609	17395718	-	109
ABCC8	ENST00000389817.8	exon	81570	81674	chr11	17395171	17395275	-	104
ABCC8	ENST00000389817.8	exon	82446	82580	chr11	17394265	17394399	-	134
ABCC8	ENST00000389817.8	exon	83086	83149	chr11	17393696	17393759	-	63
ABCC8	ENST00000389817.8	exon	83717	83961	chr11	17392884	17393128	-	244
AKT1	ENST00000649815.2	exon	0	265	chr14	104795483	104795748	-	265
AKT1	ENST00000649815.2	exon	2444	2622	chr14	104793126	104793304	-	178
AKT1	ENST00000649815.2	exon	3026	3151	chr14	104792597	104792722	-	125
AKT1	ENST00000649815.2	exon	15532	15661	chr14	104780087	104780216	-	129
AKT1	ENST00000649815.2	exon	18978	19090	chr14	104776658	104776770	-	112
AKT1	ENST00000649815.2	exon	19949	20097	chr14	104775651	104775799	-	148
AKT1	ENST00000649815.2	exon	20541	20673	chr14	104775075	104775207	-	132
AKT1	ENST00000649815.2	exon	20745	20811	chr14	104774937	104775003	-	66
AKT1	ENST00000649815.2	exon	21768	21837	chr14	104773911	104773980	-	69
AKT1	ENST00000649815.2	exon	22168	22294	chr14	104773454	104773580	-	126
AKT1	ENST00000649815.2	exon	22369	22498	chr14	104773250	104773379	-	129
AKT1	ENST00000649815.2	exon	22656	22871	chr14	104772877	104773092	-	215
AKT1	ENST00000649815.2	exon	23296	23384	chr14	104772364	104772452	-	88
AKT1	ENST00000649815.2	exon	24901	25004	chr14	104770744	104770847	-	103
AKT1	ENST00000649815.2	exon	25328	26400	chr14	104769348	104770420	-	1072
CARD11	ENST00000396946.9	exon	0	201	chr7	3043666	3043867	-	201
CARD11	ENST00000396946.9	exon	85236	85368	chr7	2958499	2958631	-	132
CARD11	ENST00000396946.9	exon	96080	96293	chr7	2947574	2947787	-	213
CARD11	ENST00000396946.9	exon	97911	98049	chr7	2945818	2945956	-	138
CARD11	ENST00000396946.9	exon	99330	99656	chr7	2944211	2944537	-	326
CARD11	ENST00000396946.9	exon	103939	104119	chr7	2939748	2939928	-	180
CARD11	ENST00000396946.9	exon	105036	105189	chr7	2938678	2938831	-	153
CARD11	ENST00000396946.9	exon	105835	105961	chr7	2937906	2938032	-	126
CARD11	ENST00000396946.9	exon	106633	106831	chr7	2937036	2937234	-	198
CARD11	ENST00000396946.9	exon	109238	109415	chr7	2934452	2934629	-	177
CARD11	ENST00000396946.9	exon	111281	111333	chr7	2932534	2932586	-	52
CARD11	ENST00000396946.9	exon	113793	113876	chr7	2929991	2930074	-	83
CARD11	ENST00000396946.9	exon	115169	115270	chr7	2928597	2928698	-	101
CARD11	ENST00000396946.9	exon	117076	117129	chr7	2926738	2926791	-	53
CARD11	ENST00000396946.9	exon	119502	119635	chr7	2924232	2924365	-	133
CARD11	ENST00000396946.9	exon	120534	120736	chr7	2923131	2923333	-	202
CARD11	ENST00000396946.9	exon	121107	121234	chr7	2922633	2922760	-	127
CARD11	ENST00000396946.9	exon	124255	124496	chr7	2919371	2919612	-	241
CARD11	ENST00000396946.9	exon	125280	125377	chr7	2918490	2918587	-	97
CARD11	ENST00000396946.9	exon	126482	126578	chr7	2917289	2917385	-	96
CARD11	ENST00000396946.9	exon	128495	128631	chr7	2915236	2915372	-	136
CARD11	ENST00000396946.9	exon	130401	130581	chr7	2913286	2913466	-	180
CARD11	ENST00000396946.9	exon	131571	131696	chr7	2912171	2912296	-	125
CARD11	ENST00000396946.9	exon	133702	133818	chr7	2910049	2910165	-	116
CARD11	ENST00000396946.9	exon	137025	137726	chr7	2906141	2906842	-	701
COL1A1	ENST00000225964.10	exon	0	221	chr17	50201410	50201631	-	221
COL1A1	ENST00000225964.10	exon	1684	1879	chr17	50199752	50199947	-	195
COL1A1	ENST00000225964.10	exon	2041	2076	chr17	50199555	50199590	-	35
COL1A1	ENST00000225964.10	exon	2178	2214	chr17	50199417	50199453	-	36
COL1A1	ENST00000225964.10	exon	2304	2406	chr17	50199225	50199327	-	102
COL1A1	ENST00000225964.10	exon	3127	3199	chr17	50198432	50198504	-	72
COL1A1	ENST00000225964.10	exon	3426	3471	chr17	50198160	50198205	-	45
COL1A1	ENST00000225964.10	exon	3629	3683	chr17	50197948	50198002	-	54
COL1A1	ENST00000225964.10	exon	3846	3900	chr17	50197731	50197785	-	54
COL1A1	ENST00000225964.10	exon	4398	4452	chr17	50197179	50197233	-	54
COL1A1	ENST00000225964.10	exon	4568	4622	chr17	50197009	50197063	-	54
COL1A1	ENST00000225964.10	exon	4961	5015	chr17	50196616	50196670	-	54
COL1A1	ENST00000225964.10	exon	5103	5148	chr17	50196483	50196528	-	45
COL1A1	ENST00000225964.10	exon	5264	5318	chr17	50196313	50196367	-	54
COL1A1	ENST00000225964.10	exon	5432	5477	chr17	50196154	50196199	-	45
COL1A1	ENST00000225964.10	exon	5655	5709	chr17	50195922	50195976	-	54
COL1A1	ENST00000225964.10	exon	5966	6065	chr17	50195566	50195665	-	99
COL1A1	ENST00000225964.10	exon	6153	6198	chr17	50195433	50195478	-	45
COL1A1	ENST00000225964.10	exon	6301	6400	chr17	50195231	50195330	-	99
COL1A1	ENST00000225964.10	exon	6531	6585	chr17	50195046	50195100	-	54
COL1A1	ENST00000225964.10	exon	6803	6911	chr17	50194720	50194828	-	108
COL1A1	ENST00000225964.10	exon	7005	7059	chr17	50194572	50194626	-	54
COL1A1	ENST00000225964.10	exon	7184	7283	chr17	50194348	50194447	-	99
COL1A1	ENST00000225964.10	exon	7448	7502	chr17	50194129	50194183	-	54
COL1A1	ENST00000225964.10	exon	7590	7689	chr17	50193942	50194041	-	99
COL1A1	ENST00000225964.10	exon	8584	8638	chr17	50192993	50193047	-	54
COL1A1	ENST00000225964.10	exon	8781	8835	chr17	50192796	50192850	-	54
COL1A1	ENST00000225964.10	exon	8938	8992	chr17	50192639	50192693	-	54
COL1A1	ENST00000225964.10	exon	9103	9157	chr17	50192474	50192528	-	54
COL1A1	ENST00000225964.10	exon	9607	9652	chr17	50191979	50192024	-	45
COL1A1	ENST00000225964.10	exon	9745	9844	chr17	50191787	50191886	-	99
COL1A1	ENST00000225964.10	exon	10141	10249	chr17	50191382	50191490	-	108
COL1A1	ENST00000225964.10	exon	10707	10815	chr17	50190816	50190924	-	108
COL1A1	ENST00000225964.10	exon	11035	11089	chr17	50190542	50190596	-	54
COL1A1	ENST00000225964.10	exon	11251	11305	chr17	50190326	50190380	-	54
COL1A1	ENST00000225964.10	exon	11523	11631	chr17	50190000	50190108	-	108
COL1A1	ENST00000225964.10	exon	11719	11773	chr17	50189858	50189912	-	54
COL1A1	ENST00000225964.10	exon	11899	11953	chr17	50189678	50189732	-	54
COL1A1	ENST00000225964.10	exon	12093	12255	chr17	50189376	50189538	-	162
COL1A1	ENST00000225964.10	exon	12356	12464	chr17	50189167	50189275	-	108
COL1A1	ENST00000225964.10	exon	12621	12729	chr17	50188902	50189010	-	108
COL1A1	ENST00000225964.10	exon	12836	12890	chr17	50188741	50188795	-	54
COL1A1	ENST00000225964.10	exon	12994	13102	chr17	50188529	50188637	-	108
COL1A1	ENST00000225964.10	exon	13482	13536	chr17	50188095	50188149	-	54
COL1A1	ENST00000225964.10	exon	13648	13756	chr17	50187875	50187983	-	108
COL1A1	ENST00000225964.10	exon	14094	14148	chr17	50187483	50187537	-	54
COL1A1	ENST00000225964.10	exon	14509	14617	chr17	50187014	50187122	-	108
COL1A1	ENST00000225964.10	exon	14709	14992	chr17	50186639	50186922	-	283
COL1A1	ENST00000225964.10	exon	15124	15315	chr17	50186316	50186507	-	191
COL1A1	ENST00000225964.10	exon	15611	15854	chr17	50185777	50186020	-	243
COL1A1	ENST00000225964.10	exon	15983	17531	chr17	50184100	50185648	-	1548
COL1A2	ENST00000297268.11	exon	0	207	chr7	94394894	94395101	+	207
COL1A2	ENST00000297268.11	exon	2853	2864	chr7	94397747	94397758	+	11
COL1A2	ENST00000297268.11	exon	3487	3502	chr7	94398381	94398396	+	15
COL1A2	ENST00000297268.11	exon	4154	4190	chr7	94399048	94399084	+	36
COL1A2	ENST00000297268.11	exon	5301	5394	chr7	94400195	94400288	+	93
COL1A2	ENST00000297268.11	exon	6672	6726	chr7	94401566	94401620	+	54
COL1A2	ENST00000297268.11	exon	9661	9706	chr7	94404555	94404600	+	45
COL1A2	ENST00000297268.11	exon	9798	9852	chr7	94404692	94404746	+	54
COL1A2	ENST00000297268.11	exon	9944	9998	chr7	94404838	94404892	+	54
COL1A2	ENST00000297268.11	exon	10304	10358	chr7	94405198	94405252	+	54
COL1A2	ENST00000297268.11	exon	10778	10832	chr7	94405672	94405726	+	54
COL1A2	ENST00000297268.11	exon	11355	11409	chr7	94406249	94406303	+	54
COL1A2	ENST00000297268.11	exon	12952	12997	chr7	94407846	94407891	+	45
COL1A2	ENST00000297268.11	exon	13288	13342	chr7	94408182	94408236	+	54
COL1A2	ENST00000297268.11	exon	13441	13486	chr7	94408335	94408380	+	45
COL1A2	ENST00000297268.11	exon	13875	13929	chr7	94408769	94408823	+	54
COL1A2	ENST00000297268.11	exon	14427	14526	chr7	94409321	94409420	+	99
COL1A2	ENST00000297268.11	exon	14669	14714	chr7	94409563	94409608	+	45
COL1A2	ENST00000297268.11	exon	14828	14927	chr7	94409722	94409821	+	99
COL1A2	ENST00000297268.11	exon	15347	15401	chr7	94410241	94410295	+	54
COL1A2	ENST00000297268.11	exon	15525	15633	chr7	94410419	94410527	+	108
COL1A2	ENST00000297268.11	exon	15994	16048	chr7	94410888	94410942	+	54
COL1A2	ENST00000297268.11	exon	16161	16260	chr7	94411055	94411154	+	99
COL1A2	ENST00000297268.11	exon	17173	17227	chr7	94412067	94412121	+	54
COL1A2	ENST00000297268.11	exon	17689	17788	chr7	94412583	94412682	+	99
COL1A2	ENST00000297268.11	exon	18188	18242	chr7	94413082	94413136	+	54
COL1A2	ENST00000297268.11	exon	18795	18849	chr7	94413689	94413743	+	54
COL1A2	ENST00000297268.11	exon	18999	19053	chr7	94413893	94413947	+	54
COL1A2	ENST00000297268.11	exon	19327	19381	chr7	94414221	94414275	+	54
COL1A2	ENST00000297268.11	exon	20331	20376	chr7	94415225	94415270	+	45
COL1A2	ENST00000297268.11	exon	21510	21609	chr7	94416404	94416503	+	99
COL1A2	ENST00000297268.11	exon	22829	22937	chr7	94417723	94417831	+	108
COL1A2	ENST00000297268.11	exon	23604	23658	chr7	94418498	94418552	+	54
COL1A2	ENST00000297268.11	exon	24603	24657	chr7	94419497	94419551	+	54
COL1A2	ENST00000297268.11	exon	25338	25392	chr7	94420232	94420286	+	54
COL1A2	ENST00000297268.11	exon	25496	25550	chr7	94420390	94420444	+	54
COL1A2	ENST00000297268.11	exon	25646	25754	chr7	94420540	94420648	+	108
COL1A2	ENST00000297268.11	exon	26114	26168	chr7	94421008	94421062	+	54
COL1A2	ENST00000297268.11	exon	27004	27058	chr7	94421898	94421952	+	54
COL1A2	ENST00000297268.11	exon	28062	28224	chr7	94422956	94423118	+	162
COL1A2	ENST00000297268.11	exon	29441	29549	chr7	94424335	94424443	+	108
COL1A2	ENST00000297268.11	exon	30222	30330	chr7	94425116	94425224	+	108
COL1A2	ENST00000297268.11	exon	30715	30769	chr7	94425609	94425663	+	54
COL1A2	ENST00000297268.11	exon	30855	30963	chr7	94425749	94425857	+	108
COL1A2	ENST00000297268.11	exon	31103	31157	chr7	94425997	94426051	+	54
COL1A2	ENST00000297268.11	exon	31528	31636	chr7	94426422	94426530	+	108
COL1A2	ENST00000297268.11	exon	32113	32167	chr7	94427007	94427061	+	54
COL1A2	ENST00000297268.11	exon	32293	32401	chr7	94427187	94427295	+	108
COL1A2	ENST00000297268.11	exon	32732	32991	chr7	94427626	94427885	+	259
COL1A2	ENST00000297268.11	exon	33398	33583	chr7	94428292	94428477	+	185
COL1A2	ENST00000297268.11	exon	34293	34536	chr7	94429187	94429430	+	243
COL1A2	ENST00000297268.11	exon	35352	36333	chr7	94430246	94431227	+	981
COL2A1	ENST00000380518.8	exon	0	240	chr12	48004236	48004476	-	240
COL2A1	ENST00000380518.8	exon	4351	4558	chr12	47999918	48000125	-	207
COL2A1	ENST00000380518.8	exon	6045	6062	chr12	47998414	47998431	-	17
COL2A1	ENST00000380518.8	exon	6275	6308	chr12	47998168	47998201	-	33
COL2A1	ENST00000380518.8	exon	6412	6445	chr12	47998031	47998064	-	33
COL2A1	ENST00000380518.8	exon	6552	6606	chr12	47997870	47997924	-	54
COL2A1	ENST00000380518.8	exon	6769	6871	chr12	47997605	47997707	-	102
COL2A1	ENST00000380518.8	exon	7851	7929	chr12	47996547	47996625	-	78
COL2A1	ENST00000380518.8	exon	8557	8602	chr12	47995874	47995919	-	45
COL2A1	ENST00000380518.8	exon	8713	8767	chr12	47995709	47995763	-	54
COL2A1	ENST00000380518.8	exon	9168	9222	chr12	47995254	47995308	-	54
COL2A1	ENST00000380518.8	exon	9999	10053	chr12	47994423	47994477	-	54
COL2A1	ENST00000380518.8	exon	10429	10483	chr12	47993993	47994047	-	54
COL2A1	ENST00000380518.8	exon	10614	10668	chr12	47993808	47993862	-	54
COL2A1	ENST00000380518.8	exon	10974	11019	chr12	47993457	47993502	-	45
COL2A1	ENST00000380518.8	exon	11545	11599	chr12	47992877	47992931	-	54
COL2A1	ENST00000380518.8	exon	14671	14716	chr12	47989760	47989805	-	45
COL2A1	ENST00000380518.8	exon	15195	15249	chr12	47989227	47989281	-	54
COL2A1	ENST00000380518.8	exon	16767	16866	chr12	47987610	47987709	-	99
COL2A1	ENST00000380518.8	exon	17163	17208	chr12	47987268	47987313	-	45
COL2A1	ENST00000380518.8	exon	17300	17399	chr12	47987077	47987176	-	99
COL2A1	ENST00000380518.8	exon	17588	17642	chr12	47986834	47986888	-	54
COL2A1	ENST00000380518.8	exon	18033	18141	chr12	47986335	47986443	-	108
COL2A1	ENST00000380518.8	exon	18511	18565	chr12	47985911	47985965	-	54
COL2A1	ENST00000380518.8	exon	18650	18749	chr12	47985727	47985826	-	99
COL2A1	ENST00000380518.8	exon	18889	18943	chr12	47985533	47985587	-	54
COL2A1	ENST00000380518.8	exon	19383	19482	chr12	47984994	47985093	-	99
COL2A1	ENST00000380518.8	exon	19877	19931	chr12	47984545	47984599	-	54
COL2A1	ENST00000380518.8	exon	20336	20390	chr12	47984086	47984140	-	54
COL2A1	ENST00000380518.8	exon	20740	20794	chr12	47983682	47983736	-	54
COL2A1	ENST00000380518.8	exon	21038	21092	chr12	47983384	47983438	-	54
COL2A1	ENST00000380518.8	exon	21339	21384	chr12	47983092	47983137	-	45
COL2A1	ENST00000380518.8	exon	21530	21629	chr12	47982847	47982946	-	99
COL2A1	ENST00000380518.8	exon	21867	21975	chr12	47982501	47982609	-	108
COL2A1	ENST00000380518.8	exon	22316	22370	chr12	47982106	47982160	-	54
COL2A1	ENST00000380518.8	exon	22647	22701	chr12	47981775	47981829	-	54
COL2A1	ENST00000380518.8	exon	23080	23134	chr12	47981342	47981396	-	54
COL2A1	ENST00000380518.8	exon	23508	23562	chr12	47980914	47980968	-	54
COL2A1	ENST00000380518.8	exon	23815	23923	chr12	47980553	47980661	-	108
COL2A1	ENST00000380518.8	exon	24414	24468	chr12	47980008	47980062	-	54
COL2A1	ENST00000380518.8	exon	24912	24966	chr12	47979510	47979564	-	54
COL2A1	ENST00000380518.8	exon	25718	25880	chr12	47978596	47978758	-	162
COL2A1	ENST00000380518.8	exon	26078	26186	chr12	47978290	47978398	-	108
COL2A1	ENST00000380518.8	exon	26359	26467	chr12	47978009	47978117	-	108
COL2A1	ENST00000380518.8	exon	26823	26877	chr12	47977599	47977653	-	54
COL2A1	ENST00000380518.8	exon	27049	27157	chr12	47977319	47977427	-	108
COL2A1	ENST00000380518.8	exon	27321	27375	chr12	47977101	47977155	-	54
COL2A1	ENST00000380518.8	exon	27557	27665	chr12	47976811	47976919	-	108
COL2A1	ENST00000380518.8	exon	27909	27963	chr12	47976513	47976567	-	54
COL2A1	ENST00000380518.8	exon	28406	28514	chr12	47975962	47976070	-	108
COL2A1	ENST00000380518.8	exon	28871	29160	chr12	47975316	47975605	-	289
COL2A1	ENST00000380518.8	exon	29614	29802	chr12	47974674	47974862	-	188
COL2A1	ENST00000380518.8	exon	30145	30388	chr12	47974088	47974331	-	243
COL2A1	ENST00000380518.8	exon	30923	31510	chr12	47972966	47973553	-	587
KCNJ11	ENST00000339994.5	exon	0	3412	chr11	17385247	17388659	-	3412
KCNQ2	ENST00000359125.7	exon	0	488	chr20	63472167	63472655	-	488
KCNQ2	ENST00000359125.7	exon	25818	25909	chr20	63446746	63446837	-	91
KCNQ2	ENST00000359125.7	exon	27291	27418	chr20	63445237	63445364	-	127
KCNQ2	ENST00000359125.7	exon	27821	27997	chr20	63444658	63444834	-	176
KCNQ2	ENST00000359125.7	exon	30124	30250	chr20	63442405	63442531	-	126
KCNQ2	ENST00000359125.7	exon	32947	33058	chr20	63439597	63439708	-	111
KCNQ2	ENST00000359125.7	exon	33935	34031	chr20	63438624	63438720	-	96
KCNQ2	ENST00000359125.7	exon	38752	38847	chr20	63433808	63433903	-	95
KCNQ2	ENST00000359125.7	exon	41286	41316	chr20	63431339	63431369	-	30
KCNQ2	ENST00000359125.7	exon	44220	44289	chr20	63428366	63428435	-	69
KCNQ2	ENST00000359125.7	exon	48449	48479	chr20	63424176	63424206	-	30
KCNQ2	ENST00000359125.7	exon	52983	53037	chr20	63419618	63419672	-	54
KCNQ2	ENST00000359125.7	exon	57529	57753	chr20	63414902	63415126	-	224
KCNQ2	ENST00000359125.7	exon	58462	58568	chr20	63414087	63414193	-	106
KCNQ2	ENST00000359125.7	exon	59074	59206	chr20	63413449	63413581	-	132
KCNQ2	ENST00000359125.7	exon	64119	64243	chr20	63408412	63408536	-	124
KCNQ2	ENST00000359125.7	exon	65280	72448	chr20	63400207	63407375	-	7168
KIF1A	ENST00000498729.9	exon	0	98	chr2	240820121	240820219	-	98
KIF1A	ENST00000498729.9	exon	22407	22573	chr2	240797646	240797812	-	166
KIF1A	ENST00000498729.9	exon	30907	30984	chr2	240789235	240789312	-	77
KIF1A	ENST00000498729.9	exon	31989	32169	chr2	240788050	240788230	-	180
KIF1A	ENST00000498729.9	exon	32903	32969	chr2	240787250	240787316	-	66
KIF1A	ENST00000498729.9	exon	33706	33885	chr2	240786334	240786513	-	179
KIF1A	ENST00000498729.9	exon	35119	35231	chr2	240784988	240785100	-	112
KIF1A	ENST00000498729.9	exon	36403	36481	chr2	240783738	240783816	-	78
KIF1A	ENST00000498729.9	exon	37110	37176	chr2	240783043	240783109	-	66
KIF1A	ENST00000498729.9	exon	37612	37630	chr2	240782589	240782607	-	18
KIF1A	ENST00000498729.9	exon	44293	44369	chr2	240775850	240775926	-	76
KIF1A	ENST00000498729.9	exon	45958	46037	chr2	240774182	240774261	-	79
KIF1A	ENST00000498729.9	exon	46963	47106	chr2	240773113	240773256	-	143
KIF1A	ENST00000498729.9	exon	47623	47650	chr2	240772569	240772596	-	27
KIF1A	ENST00000498729.9	exon	49115	49249	chr2	240770970	240771104	-	134
KIF1A	ENST00000498729.9	exon	50513	50593	chr2	240769626	240769706	-	80
KIF1A	ENST00000498729.9	exon	51011	51087	chr2	240769132	240769208	-	76
KIF1A	ENST00000498729.9	exon	52874	52954	chr2	240767265	240767345	-	80
KIF1A	ENST00000498729.9	exon	53198	53305	chr2	240766914	240767021	-	107
KIF1A	ENST00000498729.9	exon	54426	54510	chr2	240765709	240765793	-	84
KIF1A	ENST00000498729.9	exon	56873	57054	chr2	240763165	240763346	-	181
KIF1A	ENST00000498729.9	exon	57128	57201	chr2	240763018	240763091	-	73
KIF1A	ENST00000498729.9	exon	57407	57501	chr2	240762718	240762812	-	94
KIF1A	ENST00000498729.9	exon	58842	58991	chr2	240761228	240761377	-	149
KIF1A	ENST00000498729.9	exon	59376	59555	chr2	240760664	240760843	-	179
KIF1A	ENST00000498729.9	exon	61722	61860	chr2	240758359	240758497	-	138
KIF1A	ENST00000498729.9	exon	62625	62901	chr2	240757318	240757594	-	276
KIF1A	ENST00000498729.9	exon	69672	69791	chr2	240750428	240750547	-	119
KIF1A	ENST00000498729.9	exon	72898	72984	chr2	240747235	240747321	-	86
KIF1A	ENST00000498729.9	exon	74042	74181	chr2	240746038	240746177	-	139
KIF1A	ENST00000498729.9	exon	74310	74482	chr2	240745737	240745909	-	172
KIF1A	ENST00000498729.9	exon	74702	74793	chr2	240745426	240745517	-	91
KIF1A	ENST00000498729.9	exon	76159	76278	chr2	240743941	240744060	-	119
KIF1A	ENST00000498729.9	exon	77235	77291	chr2	240742928	240742984	-	56
KIF1A	ENST00000498729.9	exon	78842	78951	chr2	240741268	240741377	-	109
KIF1A	ENST00000498729.9	exon	79855	79922	chr2	240740297	240740364	-	67
KIF1A	ENST00000498729.9	exon	80077	80162	chr2	240740057	240740142	-	85
KIF1A	ENST00000498729.9	exon	83051	83157	chr2	240737062	240737168	-	106
KIF1A	ENST00000498729.9	exon	93279	93394	chr2	240726825	240726940	-	115
KIF1A	ENST00000498729.9	exon	94815	94949	chr2	240725270	240725404	-	134
KIF1A	ENST00000498729.9	exon	96183	96245	chr2	240723974	240724036	-	62
KIF1A	ENST00000498729.9	exon	96661	96807	chr2	240723412	240723558	-	146
KIF1A	ENST00000498729.9	exon	97563	97764	chr2	240722455	240722656	-	201
KIF1A	ENST00000498729.9	exon	98335	98413	chr2	240721806	240721884	-	78
KIF1A	ENST00000498729.9	exon	99181	99306	chr2	240720913	240721038	-	125
KIF1A	ENST00000498729.9	exon	100293	100446	chr2	240719773	240719926	-	153
KIF1A	ENST00000498729.9	exon	101021	101214	chr2	240719005	240719198	-	193
KIF1A	ENST00000498729.9	exon	102051	102170	chr2	240718049	240718168	-	119
KIF1A	ENST00000498729.9	exon	102813	106453	chr2	240713766	240717406	-	3640
KIF5B	ENST00000302418.5	exon	0	578	chr10	32055847	32056425	-	578
KIF5B	ENST00000302418.5	exon	7874	7962	chr10	32048463	32048551	-	88
KIF5B	ENST00000302418.5	exon	15968	16042	chr10	32040383	32040457	-	74
KIF5B	ENST00000302418.5	exon	16994	17099	chr10	32039326	32039431	-	105
KIF5B	ENST00000302418.5	exon	17599	17648	chr10	32038777	32038826	-	49
KIF5B	ENST00000302418.5	exon	18207	18263	chr10	32038162	32038218	-	56
KIF5B	ENST00000302418.5	exon	18818	18906	chr10	32037519	32037607	-	88
KIF5B	ENST00000302418.5	exon	19047	19172	chr10	32037253	32037378	-	125
KIF5B	ENST00000302418.5	exon	20431	20536	chr10	32035889	32035994	-	105
KIF5B	ENST00000302418.5	exon	20758	20904	chr10	32035521	32035667	-	146
KIF5B	ENST00000302418.5	exon	21587	21736	chr10	32034689	32034838	-	149
KIF5B	ENST00000302418.5	exon	22387	22581	chr10	32033844	32034038	-	194
KIF5B	ENST00000302418.5	exon	23651	23720	chr10	32032705	32032774	-	69
KIF5B	ENST00000302418.5	exon	25146	25353	chr10	32031072	32031279	-	207
KIF5B	ENST00000302418.5	exon	27854	27998	chr10	32028427	32028571	-	144
KIF5B	ENST00000302418.5	exon	33389	33578	chr10	32022847	32023036	-	189
KIF5B	ENST00000302418.5	exon	34168	34286	chr10	32022139	32022257	-	118
KIF5B	ENST00000302418.5	exon	35138	35200	chr10	32021225	32021287	-	62
KIF5B	ENST00000302418.5	exon	35294	35404	chr10	32021021	32021131	-	110
KIF5B	ENST00000302418.5	exon	36466	36568	chr10	32019857	32019959	-	102
KIF5B	ENST00000302418.5	exon	37863	37924	chr10	32018501	32018562	-	61
KIF5B	ENST00000302418.5	exon	38038	38110	chr10	32018315	32018387	-	72
KIF5B	ENST00000302418.5	exon	38269	38374	chr10	32018051	32018156	-	105
KIF5B	ENST00000302418.5	exon	39066	39283	chr10	32017142	32017359	-	217
KIF5B	ENST00000302418.5	exon	40766	40917	chr10	32015508	32015659	-	151
KIF5B	ENST00000302418.5	exon	44909	47411	chr10	32009014	32011516	-	2502
MTOR	ENST00000361445.9	exon	0	107	chr1	11262444	11262551	-	107
MTOR	ENST00000361445.9	exon	3128	3304	chr1	11259247	11259423	-	176
MTOR	ENST00000361445.9	exon	3958	4067	chr1	11258484	11258593	-	109
MTOR	ENST00000361445.9	exon	5386	5619	chr1	11256932	11257165	-	233
MTOR	ENST00000361445.9	exon	6359	6560	chr1	11255991	11256192	-	201
MTOR	ENST00000361445.9	exon	8578	8713	chr1	11253838	11253973	-	135
MTOR	ENST00000361445.9	exon	14457	14733	chr1	11247818	11248094	-	276
MTOR	ENST00000361445.9	exon	14818	14927	chr1	11247624	11247733	-	109
MTOR	ENST00000361445.9	exon	19251	19438	chr1	11243113	11243300	-	187
MTOR	ENST00000361445.9	exon	20870	20999	chr1	11241552	11241681	-	129
MTOR	ENST00000361445.9	exon	22004	22249	chr1	11240302	11240547	-	245
MTOR	ENST00000361445.9	exon	23934	24150	chr1	11238401	11238617	-	216
MTOR	ENST00000361445.9	exon	24503	24709	chr1	11237842	11238048	-	206
MTOR	ENST00000361445.9	exon	28286	28409	chr1	11234142	11234265	-	123
MTOR	ENST00000361445.9	exon	29064	29154	chr1	11233397	11233487	-	90
MTOR	ENST00000361445.9	exon	30023	30116	chr1	11232435	11232528	-	93
MTOR	ENST00000361445.9	exon	31117	31252	chr1	11231299	11231434	-	135
MTOR	ENST00000361445.9	exon	31497	31627	chr1	11230924	11231054	-	130
MTOR	ENST00000361445.9	exon	33633	33884	chr1	11228667	11228918	-	251
MTOR	ENST00000361445.9	exon	46317	46404	chr1	11216147	11216234	-	87
MTOR	ENST00000361445.9	exon	48985	49153	chr1	11213398	11213566	-	168
MTOR	ENST00000361445.9	exon	49643	49756	chr1	11212795	11212908	-	113
MTOR	ENST00000361445.9	exon	50077	50240	chr1	11212311	11212474	-	163
MTOR	ENST00000361445.9	exon	51645	51738	chr1	11210813	11210906	-	93
MTOR	ENST00000361445.9	exon	53093	53240	chr1	11209311	11209458	-	147
MTOR	ENST00000361445.9	exon	57848	57991	chr1	11204560	11204703	-	143
MTOR	ENST00000361445.9	exon	62848	63011	chr1	11199540	11199703	-	163
MTOR	ENST00000361445.9	exon	63148	63294	chr1	11199257	11199403	-	146
MTOR	ENST00000361445.9	exon	95034	95110	chr1	11167441	11167517	-	76
MTOR	ENST00000361445.9	exon	105260	105400	chr1	11157151	11157291	-	140
MTOR	ENST00000361445.9	exon	112325	112426	chr1	11150125	11150226	-	101
MTOR	ENST00000361445.9	exon	115760	115876	chr1	11146675	11146791	-	116
MTOR	ENST00000361445.9	exon	117506	117584	chr1	11144967	11145045	-	78
MTOR	ENST00000361445.9	exon	117796	117904	chr1	11144647	11144755	-	108
MTOR	ENST00000361445.9	exon	122893	123019	chr1	11139532	11139658	-	126
MTOR	ENST00000361445.9	exon	123116	123248	chr1	11139303	11139435	-	132
MTOR	ENST00000361445.9	exon	128085	128201	chr1	11134350	11134466	-	116
MTOR	ENST00000361445.9	exon	129354	129472	chr1	11133079	11133197	-	118
MTOR	ENST00000361445.9	exon	131774	132023	chr1	11130528	11130777	-	249
MTOR	ENST00000361445.9	exon	132713	132814	chr1	11129737	11129838	-	101
MTOR	ENST00000361445.9	exon	133600	133697	chr1	11128854	11128951	-	97
MTOR	ENST00000361445.9	exon	133999	134098	chr1	11128453	11128552	-	99
MTOR	ENST00000361445.9	exon	134425	134548	chr1	11128003	11128126	-	123
MTOR	ENST00000361445.9	exon	134745	134928	chr1	11127623	11127806	-	183
MTOR	ENST00000361445.9	exon	135407	135542	chr1	11127009	11127144	-	135
MTOR	ENST00000361445.9	exon	135755	135930	chr1	11126621	11126796	-	175
MTOR	ENST00000361445.9	exon	137918	138054	chr1	11124497	11124633	-	136
MTOR	ENST00000361445.9	exon	140425	140573	chr1	11121978	11122126	-	148
MTOR	ENST00000361445.9	exon	141183	141306	chr1	11121245	11121368	-	123
MTOR	ENST00000361445.9	exon	145465	145548	chr1	11117003	11117086	-	83
MTOR	ENST00000361445.9	exon	147083	147156	chr1	11115395	11115468	-	73
MTOR	ENST00000361445.9	exon	147664	147739	chr1	11114812	11114887	-	75
MTOR	ENST00000361445.9	exon	148098	148234	chr1	11114317	11114453	-	136
MTOR	ENST00000361445.9	exon	149634	149700	chr1	11112851	11112917	-	66
MTOR	ENST00000361445.9	exon	152822	152903	chr1	11109648	11109729	-	81
MTOR	ENST00000361445.9	exon	153181	153262	chr1	11109289	11109370	-	81
MTOR	ENST00000361445.9	exon	154265	154371	chr1	11108180	11108286	-	106
MTOR	ENST00000361445.9	exon	155051	156017	chr1	11106534	11107500	-	966
NLRP3	ENST00000336119.8	exon	0	21	chr1	247416172	247416193	+	21
NLRP3	ENST00000336119.8	exon	1880	2905	chr1	247418052	247419077	+	1025
NLRP3	ENST00000336119.8	exon	7057	7177	chr1	247423229	247423349	+	120
NLRP3	ENST00000336119.8	exon	7674	9427	chr1	247423846	247425599	+	1753
NLRP3	ENST00000336119.8	exon	13412	13583	chr1	247429584	247429755	+	171
NLRP3	ENST00000336119.8	exon	17930	18101	chr1	247434102	247434273	+	171
NLRP3	ENST00000336119.8	exon	19797	19968	chr1	247435969	247436140	+	171
NLRP3	ENST00000336119.8	exon	27799	27970	chr1	247443971	247444142	+	171
NLRP3	ENST00000336119.8	exon	28478	28649	chr1	247444650	247444821	+	171
NLRP3	ENST00000336119.8	exon	32232	32645	chr1	247448404	247448817	+	413
PIK3CA	ENST00000263967.4	exon	0	247	chr3	179148356	179148603	+	247
PIK3CA	ENST00000263967.4	exon	50393	50821	chr3	179198749	179199177	+	428
PIK3CA	ENST00000263967.4	exon	51333	51543	chr3	179199689	179199899	+	210
PIK3CA	ENST00000263967.4	exon	52933	53184	chr3	179201289	179201540	+	251
PIK3CA	ENST00000263967.4	exon	55187	55433	chr3	179203543	179203789	+	246
PIK3CA	ENST00000263967.4	exon	56146	56232	chr3	179204502	179204588	+	86
PIK3CA	ENST00000263967.4	exon	61238	61344	chr3	179209594	179209700	+	106
PIK3CA	ENST00000263967.4	exon	61829	61982	chr3	179210185	179210338	+	153
PIK3CA	ENST00000263967.4	exon	62074	62209	chr3	179210430	179210565	+	135
PIK3CA	ENST00000263967.4	exon	69853	69978	chr3	179218209	179218334	+	125
PIK3CA	ENST00000263967.4	exon	70839	70921	chr3	179219195	179219277	+	82
PIK3CA	ENST00000263967.4	exon	71214	71379	chr3	179219570	179219735	+	165
PIK3CA	ENST00000263967.4	exon	71592	71696	chr3	179219948	179220052	+	104
PIK3CA	ENST00000263967.4	exon	72629	72801	chr3	179220985	179221157	+	172
PIK3CA	ENST00000263967.4	exon	75724	75831	chr3	179224080	179224187	+	107
PIK3CA	ENST00000263967.4	exon	76343	76465	chr3	179224699	179224821	+	122
PIK3CA	ENST00000263967.4	exon	77605	77684	chr3	179225961	179226040	+	79
PIK3CA	ENST00000263967.4	exon	80915	81086	chr3	179229271	179229442	+	171
PIK3CA	ENST00000263967.4	exon	81647	81765	chr3	179230003	179230121	+	118
PIK3CA	ENST00000263967.4	exon	81868	82020	chr3	179230224	179230376	+	152
PIK3CA	ENST00000263967.4	exon	85737	91737	chr3	179234093	179240093	+	6000
RELA	ENST00000406246.8	exon	0	91	chr11	65662825	65662916	-	91
RELA	ENST00000406246.8	exon	711	738	chr11	65662178	65662205	-	27
RELA	ENST00000406246.8	exon	828	980	chr11	65661936	65662088	-	152
RELA	ENST00000406246.8	exon	1081	1230	chr11	65661686	65661835	-	149
RELA	ENST00000406246.8	exon	2701	2793	chr11	65660123	65660215	-	92
RELA	ENST00000406246.8	exon	3119	3251	chr11	65659665	65659797	-	132
RELA	ENST00000406246.8	exon	4094	4199	chr11	65658717	65658822	-	105
RELA	ENST00000406246.8	exon	4417	4630	chr11	65658286	65658499	-	213
RELA	ENST00000406246.8	exon	6981	7062	chr11	65655854	65655935	-	81
RELA	ENST00000406246.8	exon	7154	7229	chr11	65655687	65655762	-	75
RELA	ENST00000406246.8	exon	7916	9316	chr11	65653600	65655000	-	1400
SCN2A	ENST00000375437.7	exon	0	227	chr2	165239413	165239640	+	227
SCN2A	ENST00000375437.7	exon	56359	56677	chr2	165295772	165296090	+	318
SCN2A	ENST00000375437.7	exon	57603	57722	chr2	165297016	165297135	+	119
SCN2A	ENST00000375437.7	exon	68434	68524	chr2	165307847	165307937	+	90
SCN2A	ENST00000375437.7	exon	69252	69381	chr2	165308665	165308794	+	129
SCN2A	ENST00000375437.7	exon	69938	70030	chr2	165309351	165309443	+	92
SCN2A	ENST00000375437.7	exon	70909	71182	chr2	165310322	165310595	+	273
SCN2A	ENST00000375437.7	exon	72611	72675	chr2	165312024	165312088	+	64
SCN2A	ENST00000375437.7	exon	74206	74348	chr2	165313619	165313761	+	142
SCN2A	ENST00000375437.7	exon	74488	74695	chr2	165313901	165314108	+	207
SCN2A	ENST00000375437.7	exon	76057	76345	chr2	165315470	165315758	+	288
SCN2A	ENST00000375437.7	exon	83742	84087	chr2	165323155	165323500	+	345
SCN2A	ENST00000375437.7	exon	87438	87571	chr2	165326851	165326984	+	133
SCN2A	ENST00000375437.7	exon	91916	92155	chr2	165331329	165331568	+	239
SCN2A	ENST00000375437.7	exon	102882	103056	chr2	165342295	165342469	+	174
SCN2A	ENST00000375437.7	exon	105141	105498	chr2	165344554	165344911	+	357
SCN2A	ENST00000375437.7	exon	114778	115258	chr2	165354191	165354671	+	480
SCN2A	ENST00000375437.7	exon	125729	125850	chr2	165365142	165365263	+	121
SCN2A	ENST00000375437.7	exon	127803	127958	chr2	165367216	165367371	+	155
SCN2A	ENST00000375437.7	exon	130712	130886	chr2	165370125	165370299	+	174
SCN2A	ENST00000375437.7	exon	133811	133934	chr2	165373224	165373347	+	123
SCN2A	ENST00000375437.7	exon	135271	135553	chr2	165374684	165374966	+	282
SCN2A	ENST00000375437.7	exon	138183	138237	chr2	165377596	165377650	+	54
SCN2A	ENST00000375437.7	exon	141178	141316	chr2	165380591	165380729	+	138
SCN2A	ENST00000375437.7	exon	141679	141784	chr2	165381092	165381197	+	105
SCN2A	ENST00000375437.7	exon	147332	147603	chr2	165386745	165387016	+	271
SCN2A	ENST00000375437.7	exon	149215	152891	chr2	165388628	165392304	+	3676
SCN8A	ENST00000627620.5	exon	0	127	chr12	51591232	51591359	+	127
SCN8A	ENST00000627620.5	exon	71531	71861	chr12	51662763	51663093	+	330
SCN8A	ENST00000627620.5	exon	92941	93060	chr12	51684173	51684292	+	119
SCN8A	ENST00000627620.5	exon	95135	95225	chr12	51686367	51686457	+	90
SCN8A	ENST00000627620.5	exon	95858	95987	chr12	51687090	51687219	+	129
SCN8A	ENST00000627620.5	exon	97772	97864	chr12	51689004	51689096	+	92
SCN8A	ENST00000627620.5	exon	108337	108559	chr12	51699569	51699791	+	222
SCN8A	ENST00000627620.5	exon	109911	109975	chr12	51701143	51701207	+	64
SCN8A	ENST00000627620.5	exon	111540	111682	chr12	51702772	51702914	+	142
SCN8A	ENST00000627620.5	exon	114184	114391	chr12	51705416	51705623	+	207
SCN8A	ENST00000627620.5	exon	115189	115483	chr12	51706421	51706715	+	294
SCN8A	ENST00000627620.5	exon	130313	130676	chr12	51721545	51721908	+	363
SCN8A	ENST00000627620.5	exon	154670	154803	chr12	51745902	51746035	+	133
SCN8A	ENST00000627620.5	exon	160122	160361	chr12	51751354	51751593	+	239
SCN8A	ENST00000627620.5	exon	171270	171444	chr12	51762502	51762676	+	174
SCN8A	ENST00000627620.5	exon	174438	174795	chr12	51765670	51766027	+	357
SCN8A	ENST00000627620.5	exon	177632	178103	chr12	51768864	51769335	+	471
SCN8A	ENST00000627620.5	exon	178635	178753	chr12	51769867	51769985	+	118
SCN8A	ENST00000627620.5	exon	179296	179451	chr12	51770528	51770683	+	155
SCN8A	ENST00000627620.5	exon	182956	183130	chr12	51774188	51774362	+	174
SCN8A	ENST00000627620.5	exon	189416	189539	chr12	51780648	51780771	+	123
SCN8A	ENST00000627620.5	exon	195309	195594	chr12	51786541	51786826	+	285
SCN8A	ENST00000627620.5	exon	197462	197516	chr12	51788694	51788748	+	54
SCN8A	ENST00000627620.5	exon	198048	198186	chr12	51789280	51789418	+	138
SCN8A	ENST00000627620.5	exon	199165	199270	chr12	51790397	51790502	+	105
SCN8A	ENST00000627620.5	exon	203138	203409	chr12	51794370	51794641	+	271
SCN8A	ENST00000627620.5	exon	215049	221632	chr12	51806281	51812864	+	6583
SPTAN1	ENST00000372739.7	exon	0	110	chr9	128552586	128552696	+	110
SPTAN1	ENST00000372739.7	exon	14151	14391	chr9	128566737	128566977	+	240
SPTAN1	ENST00000372739.7	exon	16185	16311	chr9	128568771	128568897	+	126
SPTAN1	ENST00000372739.7	exon	22088	22229	chr9	128574674	128574815	+	141
SPTAN1	ENST00000372739.7	exon	22612	22759	chr9	128575198	128575345	+	147
SPTAN1	ENST00000372739.7	exon	24236	24370	chr9	128576822	128576956	+	134
SPTAN1	ENST00000372739.7	exon	24542	24687	chr9	128577128	128577273	+	145
SPTAN1	ENST00000372739.7	exon	24765	24920	chr9	128577351	128577506	+	155
SPTAN1	ENST00000372739.7	exon	25523	25659	chr9	128578109	128578245	+	136
SPTAN1	ENST00000372739.7	exon	27050	27152	chr9	128579636	128579738	+	102
SPTAN1	ENST00000372739.7	exon	28335	28473	chr9	128580921	128581059	+	138
SPTAN1	ENST00000372739.7	exon	29195	29306	chr9	128581781	128581892	+	111
SPTAN1	ENST00000372739.7	exon	29892	29970	chr9	128582478	128582556	+	78
SPTAN1	ENST00000372739.7	exon	30107	30263	chr9	128582693	128582849	+	156
SPTAN1	ENST00000372739.7	exon	30490	30695	chr9	128583076	128583281	+	205
SPTAN1	ENST00000372739.7	exon	31201	31383	chr9	128583787	128583969	+	182
SPTAN1	ENST00000372739.7	exon	31695	31939	chr9	128584281	128584525	+	244
SPTAN1	ENST00000372739.7	exon	32134	32257	chr9	128584720	128584843	+	123
SPTAN1	ENST00000372739.7	exon	33161	33379	chr9	128585747	128585965	+	218
SPTAN1	ENST00000372739.7	exon	35019	35112	chr9	128587605	128587698	+	93
SPTAN1	ENST00000372739.7	exon	36222	36357	chr9	128588808	128588943	+	135
SPTAN1	ENST00000372739.7	exon	38890	39039	chr9	128591476	128591625	+	149
SPTAN1	ENST00000372739.7	exon	40396	40456	chr9	128592982	128593042	+	60
SPTAN1	ENST00000372739.7	exon	41588	41787	chr9	128594174	128594373	+	199
SPTAN1	ENST00000372739.7	exon	45813	45918	chr9	128598399	128598504	+	105
SPTAN1	ENST00000372739.7	exon	46376	46400	chr9	128598962	128598986	+	24
SPTAN1	ENST00000372739.7	exon	47493	47529	chr9	128600079	128600115	+	36
SPTAN1	ENST00000372739.7	exon	50956	51004	chr9	128603542	128603590	+	48
SPTAN1	ENST00000372739.7	exon	51739	51831	chr9	128604325	128604417	+	92
SPTAN1	ENST00000372739.7	exon	52447	52592	chr9	128605033	128605178	+	145
SPTAN1	ENST00000372739.7	exon	52709	52891	chr9	128605295	128605477	+	182
SPTAN1	ENST00000372739.7	exon	55017	55117	chr9	128607603	128607703	+	100
SPTAN1	ENST00000372739.7	exon	55265	55463	chr9	128607851	128608049	+	198
SPTAN1	ENST00000372739.7	exon	55543	55690	chr9	128608129	128608276	+	147
SPTAN1	ENST00000372739.7	exon	56287	56391	chr9	128608873	128608977	+	104
SPTAN1	ENST00000372739.7	exon	56535	56698	chr9	128609121	128609284	+	163
SPTAN1	ENST00000372739.7	exon	57064	57079	chr9	128609650	128609665	+	15
SPTAN1	ENST00000372739.7	exon	59127	59259	chr9	128611713	128611845	+	132
SPTAN1	ENST00000372739.7	exon	59522	59660	chr9	128612108	128612246	+	138
SPTAN1	ENST00000372739.7	exon	60794	60899	chr9	128613380	128613485	+	105
SPTAN1	ENST00000372739.7	exon	63045	63254	chr9	128615631	128615840	+	209
SPTAN1	ENST00000372739.7	exon	65053	65174	chr9	128617639	128617760	+	121
SPTAN1	ENST00000372739.7	exon	65400	65522	chr9	128617986	128618108	+	122
SPTAN1	ENST00000372739.7	exon	66284	66417	chr9	128618870	128619003	+	133
SPTAN1	ENST00000372739.7	exon	68571	68670	chr9	128621157	128621256	+	99
SPTAN1	ENST00000372739.7	exon	71741	71901	chr9	128624327	128624487	+	160
SPTAN1	ENST00000372739.7	exon	72516	72593	chr9	128625102	128625179	+	77
SPTAN1	ENST00000372739.7	exon	73182	73392	chr9	128625768	128625978	+	210
SPTAN1	ENST00000372739.7	exon	73804	74101	chr9	128626390	128626687	+	297
SPTAN1	ENST00000372739.7	exon	74799	74912	chr9	128627385	128627498	+	113
SPTAN1	ENST00000372739.7	exon	75338	75356	chr9	128627924	128627942	+	18
SPTAN1	ENST00000372739.7	exon	77734	77789	chr9	128630320	128630375	+	55
SPTAN1	ENST00000372739.7	exon	79540	79737	chr9	128632126	128632323	+	197
SPTAN1	ENST00000372739.7	exon	79844	79898	chr9	128632430	128632484	+	54
SPTAN1	ENST00000372739.7	exon	79985	80132	chr9	128632571	128632718	+	147
SPTAN1	ENST00000372739.7	exon	80221	80369	chr9	128632807	128632955	+	148
SPTAN1	ENST00000372739.7	exon	80622	81076	chr9	128633208	128633662	+	454
SPTLC1	ENST00000262554.7	exon	0	100	chr9	92115313	92115413	-	100
SPTLC1	ENST00000262554.7	exon	2851	2959	chr9	92112454	92112562	-	108
SPTLC1	ENST00000262554.7	exon	6579	6674	chr9	92108739	92108834	-	95
SPTLC1	ENST00000262554.7	exon	34450	34544	chr9	92080869	92080963	-	94
SPTLC1	ENST00000262554.7	exon	35325	35398	chr9	92080015	92080088	-	73
SPTLC1	ENST00000262554.7	exon	47315	47448	chr9	92067965	92068098	-	133
SPTLC1	ENST00000262554.7	exon	56105	56235	chr9	92059178	92059308	-	130
SPTLC1	ENST00000262554.7	exon	59919	60009	chr9	92055404	92055494	-	90
SPTLC1	ENST00000262554.7	exon	65346	65454	chr9	92049959	92050067	-	108
SPTLC1	ENST00000262554.7	exon	67705	67801	chr9	92047612	92047708	-	96
SPTLC1	ENST00000262554.7	exon	68145	68242	chr9	92047171	92047268	-	97
SPTLC1	ENST00000262554.7	exon	69360	69415	chr9	92045998	92046053	-	55
SPTLC1	ENST00000262554.7	exon	77048	77166	chr9	92038247	92038365	-	118
SPTLC1	ENST00000262554.7	exon	80530	80604	chr9	92034809	92034883	-	74
SPTLC1	ENST00000262554.7	exon	82855	84267	chr9	92031146	92032558	-	1412
STAT1	ENST00000361099.8	exon	0	154	chr2	191014017	191014171	-	154
STAT1	ENST00000361099.8	exon	493	647	chr2	191013524	191013678	-	154
STAT1	ENST00000361099.8	exon	4167	4296	chr2	191009875	191010004	-	129
STAT1	ENST00000361099.8	exon	5064	5209	chr2	191008962	191009107	-	145
STAT1	ENST00000361099.8	exon	6510	6609	chr2	191007562	191007661	-	99
STAT1	ENST00000361099.8	exon	13008	13098	chr2	191001073	191001163	-	90
STAT1	ENST00000361099.8	exon	14467	14546	chr2	190999625	190999704	-	79
STAT1	ENST00000361099.8	exon	15863	15955	chr2	190998216	190998308	-	92
STAT1	ENST00000361099.8	exon	16164	16316	chr2	190997855	190998007	-	152
STAT1	ENST00000361099.8	exon	18952	19111	chr2	190995060	190995219	-	159
STAT1	ENST00000361099.8	exon	22851	22944	chr2	190991227	190991320	-	93
STAT1	ENST00000361099.8	exon	24497	24557	chr2	190989614	190989674	-	60
STAT1	ENST00000361099.8	exon	27103	27133	chr2	190987038	190987068	-	30
STAT1	ENST00000361099.8	exon	27224	27318	chr2	190986853	190986947	-	94
STAT1	ENST00000361099.8	exon	28511	28553	chr2	190985618	190985660	-	42
STAT1	ENST00000361099.8	exon	29778	29862	chr2	190984309	190984393	-	84
STAT1	ENST00000361099.8	exon	30431	30530	chr2	190983641	190983740	-	99
STAT1	ENST00000361099.8	exon	31653	31789	chr2	190982382	190982518	-	136
STAT1	ENST00000361099.8	exon	33502	33552	chr2	190980619	190980669	-	50
STAT1	ENST00000361099.8	exon	34305	34400	chr2	190979771	190979866	-	95
STAT1	ENST00000361099.8	exon	35170	35316	chr2	190978855	190979001	-	146
STAT1	ENST00000361099.8	exon	37146	37332	chr2	190976839	190977025	-	186
STAT1	ENST00000361099.8	exon	38284	38360	chr2	190975811	190975887	-	76
STAT1	ENST00000361099.8	exon	39239	39342	chr2	190974829	190974932	-	103
STAT1	ENST00000361099.8	exon	43454	45023	chr2	190969148	190970717	-	1569
STAT3	ENST00000264657.10	exon	0	164	chr17	42388278	42388442	-	164
STAT3	ENST00000264657.10	exon	39903	40054	chr17	42348388	42348539	-	151
STAT3	ENST00000264657.10	exon	41729	41874	chr17	42346568	42346713	-	145
STAT3	ENST00000264657.10	exon	42785	42884	chr17	42345558	42345657	-	99
STAT3	ENST00000264657.10	exon	49033	49129	chr17	42339313	42339409	-	96
STAT3	ENST00000264657.10	exon	49630	49712	chr17	42338730	42338812	-	82
STAT3	ENST00000264657.10	exon	50585	50680	chr17	42337762	42337857	-	95
STAT3	ENST00000264657.10	exon	50856	51008	chr17	42337434	42337586	-	152
STAT3	ENST00000264657.10	exon	54393	54552	chr17	42333890	42334049	-	159
STAT3	ENST00000264657.10	exon	54677	54770	chr17	42333672	42333765	-	93
STAT3	ENST00000264657.10	exon	56911	56971	chr17	42331471	42331531	-	60
STAT3	ENST00000264657.10	exon	58666	58696	chr17	42329746	42329776	-	30
STAT3	ENST00000264657.10	exon	58795	58889	chr17	42329553	42329647	-	94
STAT3	ENST00000264657.10	exon	58985	59033	chr17	42329409	42329457	-	48
STAT3	ENST00000264657.10	exon	62243	62327	chr17	42326115	42326199	-	84
STAT3	ENST00000264657.10	exon	63381	63480	chr17	42324962	42325061	-	99
STAT3	ENST00000264657.10	exon	63596	63732	chr17	42324710	42324846	-	136
STAT3	ENST00000264657.10	exon	64817	64870	chr17	42323572	42323625	-	53
STAT3	ENST00000264657.10	exon	65088	65183	chr17	42323259	42323354	-	95
STAT3	ENST00000264657.10	exon	65299	65439	chr17	42323003	42323143	-	140
STAT3	ENST00000264657.10	exon	65948	66161	chr17	42322281	42322494	-	213
STAT3	ENST00000264657.10	exon	71218	71261	chr17	42317181	42317224	-	43
STAT3	ENST00000264657.10	exon	71541	71654	chr17	42316788	42316901	-	113
STAT3	ENST00000264657.10	exon	72642	75119	chr17	42313323	42315800	-	2477
