"k","mean","lo","hi","gene","superpop"
1,0.373715582450832,0.322617246596067,0.465960665658094,"ABCC8","AFR"
2,0.582668683812405,0.51588502269289,0.665658093797277,"ABCC8","AFR"
3,0.711228441754917,0.671709531013616,0.777609682299546,"ABCC8","AFR"
4,0.791715582450832,0.759455370650529,0.841149773071104,"ABCC8","AFR"
5,0.84299243570348,0.816944024205749,0.886535552193646,"ABCC8","AFR"
6,0.878236006051437,0.856278366111952,0.912254160363086,"ABCC8","AFR"
7,0.903125567322239,0.885022692889561,0.928895612708018,"ABCC8","AFR"
8,0.920045385779123,0.907337367624811,0.940998487140696,"ABCC8","AFR"
9,0.933116490166415,0.921331316187595,0.950075642965204,"ABCC8","AFR"
10,0.942874432677761,0.933434190620272,0.957639939485628,"ABCC8","AFR"
1,0.411187319884726,0.321325648414986,0.504322766570605,"ABCC8","AMR"
2,0.599118155619597,0.538904899135447,0.694524495677233,"ABCC8","AMR"
3,0.700743515850144,0.63328530259366,0.769452449567723,"ABCC8","AMR"
4,0.763475504322767,0.719740634005764,0.824207492795389,"ABCC8","AMR"
5,0.811763688760807,0.772334293948127,0.867435158501441,"ABCC8","AMR"
6,0.84114121037464,0.804034582132565,0.890489913544669,"ABCC8","AMR"
7,0.864743515850144,0.829971181556196,0.907780979827089,"ABCC8","AMR"
8,0.881152737752161,0.855907780979827,0.920028818443804,"ABCC8","AMR"
9,0.89650144092219,0.873198847262248,0.93371757925072,"ABCC8","AMR"
10,0.907423631123919,0.887608069164265,0.942363112391931,"ABCC8","AMR"
1,0.342781746031746,0.198412698412698,0.476190476190476,"ABCC8","EAS"
2,0.527730158730159,0.484126984126984,0.645337301587302,"ABCC8","EAS"
3,0.629873015873016,0.559027777777778,0.73015873015873,"ABCC8","EAS"
4,0.700349206349206,0.634424603174603,0.773809523809524,"ABCC8","EAS"
5,0.744396825396825,0.697916666666667,0.803571428571429,"ABCC8","EAS"
6,0.777666666666667,0.742063492063492,0.833333333333333,"ABCC8","EAS"
7,0.803638888888889,0.771825396825397,0.851190476190476,"ABCC8","EAS"
8,0.823023809523809,0.795634920634921,0.865575396825397,"ABCC8","EAS"
9,0.837198412698413,0.81547619047619,0.875,"ABCC8","EAS"
10,0.850087301587302,0.829365079365079,0.886904761904762,"ABCC8","EAS"
1,0.37741550695825,0.340457256461233,0.47117296222664,"ABCC8","EUR"
2,0.556087475149105,0.480616302186879,0.669980119284294,"ABCC8","EUR"
3,0.666560636182903,0.597415506958251,0.74155069582505,"ABCC8","EUR"
4,0.733992047713718,0.695328031809145,0.801192842942346,"ABCC8","EUR"
5,0.777717693836978,0.737574552683897,0.835487077534791,"ABCC8","EUR"
6,0.810019880715706,0.773359840954274,0.862823061630219,"ABCC8","EUR"
7,0.835335984095427,0.801192842942346,0.886679920477137,"ABCC8","EUR"
8,0.854147117296223,0.819085487077535,0.89662027833002,"ABCC8","EUR"
9,0.869904572564612,0.836978131212724,0.908548707753479,"ABCC8","EUR"
10,0.882151093439364,0.854870775347913,0.916500994035785,"ABCC8","EUR"
1,0.340188139059305,0.319018404907975,0.427914110429448,"ABCC8","SAS"
2,0.526302658486708,0.447341513292434,0.623721881390593,"ABCC8","SAS"
3,0.634032719836401,0.556237218813906,0.715746421267894,"ABCC8","SAS"
4,0.70800408997955,0.662065439672802,0.785276073619632,"ABCC8","SAS"
5,0.752748466257669,0.703476482617587,0.822597137014315,"ABCC8","SAS"
6,0.789963190184049,0.741820040899795,0.852760736196319,"ABCC8","SAS"
7,0.816548057259714,0.777096114519427,0.877300613496933,"ABCC8","SAS"
8,0.841247443762781,0.809815950920245,0.895705521472393,"ABCC8","SAS"
9,0.861419222903886,0.828220858895706,0.907975460122699,"ABCC8","SAS"
10,0.875963190184049,0.846625766871166,0.916155419222904,"ABCC8","SAS"
1,0.354735249621785,0.257186081694402,0.467473524962179,"AKT1","AFR"
2,0.555177004538578,0.485627836611195,0.630862329803328,"AKT1","AFR"
3,0.68009984871407,0.633509833585477,0.746217851739788,"AKT1","AFR"
4,0.760151285930408,0.717095310136157,0.816944024205749,"AKT1","AFR"
5,0.810423600605144,0.774583963691377,0.859304084720121,"AKT1","AFR"
6,0.846583963691377,0.818078668683812,0.885022692889561,"AKT1","AFR"
7,0.874735249621785,0.853252647503782,0.906202723146747,"AKT1","AFR"
8,0.893234493192133,0.872919818456883,0.921331316187595,"AKT1","AFR"
9,0.908493192133132,0.892208774583964,0.930408472012103,"AKT1","AFR"
10,0.92003328290469,0.905824508320726,0.937972768532526,"AKT1","AFR"
1,0.386674351585014,0.357348703170029,0.449567723342939,"AKT1","AMR"
2,0.577804034582133,0.543948126801153,0.636887608069164,"AKT1","AMR"
3,0.685319884726225,0.636887608069164,0.755043227665706,"AKT1","AMR"
4,0.752564841498559,0.702449567723343,0.804034582132565,"AKT1","AMR"
5,0.791694524495677,0.765850144092219,0.829971181556196,"AKT1","AMR"
6,0.818726224783862,0.795389048991354,0.853025936599424,"AKT1","AMR"
7,0.839175792507205,0.812680115273775,0.873198847262248,"AKT1","AMR"
8,0.854057636887608,0.826368876080692,0.887608069164265,"AKT1","AMR"
9,0.865769452449568,0.835734870317003,0.902017291066282,"AKT1","AMR"
10,0.875417867435158,0.847262247838617,0.905619596541787,"AKT1","AMR"
1,0.339186507936508,0.178571428571429,0.46031746031746,"AKT1","EAS"
2,0.505861111111111,0.444444444444444,0.579861111111111,"AKT1","EAS"
3,0.591896825396825,0.547123015873016,0.65327380952381,"AKT1","EAS"
4,0.64202380952381,0.621031746031746,0.696428571428571,"AKT1","EAS"
5,0.681087301587302,0.650793650793651,0.722718253968254,"AKT1","EAS"
6,0.706305555555556,0.670634920634921,0.738095238095238,"AKT1","EAS"
7,0.723646825396825,0.69047619047619,0.746031746031746,"AKT1","EAS"
8,0.74065873015873,0.716269841269841,0.755952380952381,"AKT1","EAS"
9,0.752194444444444,0.732142857142857,0.763888888888889,"AKT1","EAS"
10,0.761063492063492,0.738095238095238,0.771825396825397,"AKT1","EAS"
1,0.325618290258449,0.182902584493042,0.449304174950298,"AKT1","EUR"
2,0.505065606361829,0.46272365805169,0.578528827037773,"AKT1","EUR"
3,0.606095427435388,0.548707753479125,0.69831013916501,"AKT1","EUR"
4,0.671097415506958,0.595924453280318,0.736083499005964,"AKT1","EUR"
5,0.713212723658052,0.683399602385686,0.759443339960239,"AKT1","EUR"
6,0.740799204771372,0.719681908548708,0.777335984095427,"AKT1","EUR"
7,0.7630337972167,0.737574552683897,0.801192842942346,"AKT1","EUR"
8,0.778111332007952,0.743538767395626,0.819085487077535,"AKT1","EUR"
9,0.789216699801193,0.749502982107356,0.825049701789264,"AKT1","EUR"
10,0.800397614314115,0.760934393638171,0.840954274353877,"AKT1","EUR"
1,0.403942740286299,0.292433537832311,0.488752556237219,"AKT1","SAS"
2,0.604593047034765,0.566462167689162,0.668711656441718,"AKT1","SAS"
3,0.713038854805726,0.662065439672802,0.789877300613497,"AKT1","SAS"
4,0.78080572597137,0.742331288343558,0.834355828220859,"AKT1","SAS"
5,0.823950920245399,0.803680981595092,0.862985685071575,"AKT1","SAS"
6,0.851537832310838,0.838445807770961,0.877300613496933,"AKT1","SAS"
7,0.86959918200409,0.85480572597137,0.889570552147239,"AKT1","SAS"
8,0.883173824130879,0.871165644171779,0.897750511247444,"AKT1","SAS"
9,0.891971370143149,0.881390593047035,0.903885480572597,"AKT1","SAS"
10,0.898683026584867,0.887525562372188,0.912065439672802,"AKT1","SAS"
1,0.337645990922844,0.222390317700454,0.462934947049924,"CARD11","AFR"
2,0.554599092284418,0.488275340393343,0.662632375189107,"CARD11","AFR"
3,0.705709531013616,0.656202723146747,0.782526475037821,"CARD11","AFR"
4,0.799394856278366,0.75642965204236,0.860816944024206,"CARD11","AFR"
5,0.861046898638427,0.829046898638427,0.906202723146747,"CARD11","AFR"
6,0.899291981845688,0.878971255673222,0.933434190620272,"CARD11","AFR"
7,0.927131618759455,0.910741301059002,0.953101361573374,"CARD11","AFR"
8,0.946105900151286,0.931921331316188,0.965204236006051,"CARD11","AFR"
9,0.958562783661119,0.950075642965204,0.973146747352496,"CARD11","AFR"
10,0.968021180030257,0.960665658093797,0.978819969742814,"CARD11","AFR"
1,0.336149855907781,0.224063400576369,0.443804034582133,"CARD11","AMR"
2,0.549734870317003,0.487031700288184,0.636887608069164,"CARD11","AMR"
3,0.681325648414986,0.62536023054755,0.752161383285303,"CARD11","AMR"
4,0.774132564841499,0.731988472622478,0.829971181556196,"CARD11","AMR"
5,0.83821325648415,0.806916426512968,0.884726224783862,"CARD11","AMR"
6,0.878962536023055,0.853025936599424,0.914265129682997,"CARD11","AMR"
7,0.906587896253602,0.884726224783862,0.936599423631124,"CARD11","AMR"
8,0.925446685878963,0.907780979827089,0.951008645533141,"CARD11","AMR"
9,0.939648414985591,0.927953890489914,0.959654178674352,"CARD11","AMR"
10,0.950979827089337,0.939481268011527,0.968299711815562,"CARD11","AMR"
1,0.281710317460317,0.183531746031746,0.422619047619048,"CARD11","EAS"
2,0.459456349206349,0.372519841269841,0.558035714285714,"CARD11","EAS"
3,0.594777777777778,0.513888888888889,0.686507936507937,"CARD11","EAS"
4,0.687015873015873,0.625,0.767857142857143,"CARD11","EAS"
5,0.751706349206349,0.702380952380952,0.819444444444444,"CARD11","EAS"
6,0.801797619047619,0.753968253968254,0.861111111111111,"CARD11","EAS"
7,0.836126984126984,0.793650793650794,0.885416666666667,"CARD11","EAS"
8,0.866103174603175,0.833333333333333,0.912698412698413,"CARD11","EAS"
9,0.886345238095238,0.863095238095238,0.922619047619048,"CARD11","EAS"
10,0.903833333333333,0.876984126984127,0.936507936507937,"CARD11","EAS"
1,0.327057654075547,0.274353876739563,0.431908548707753,"CARD11","EUR"
2,0.541053677932406,0.465208747514911,0.63817097415507,"CARD11","EUR"
3,0.675347912524851,0.616302186878728,0.75,"CARD11","EUR"
4,0.767367793240557,0.723658051689861,0.827037773359841,"CARD11","EUR"
5,0.831021868787276,0.795228628230616,0.880715705765408,"CARD11","EUR"
6,0.871701789264414,0.842942345924453,0.910536779324056,"CARD11","EUR"
7,0.900886679920477,0.876739562624254,0.930914512922465,"CARD11","EUR"
8,0.921216699801193,0.904572564612326,0.94831013916501,"CARD11","EUR"
9,0.937188866799205,0.922465208747515,0.958250497017893,"CARD11","EUR"
10,0.949260437375746,0.936381709741551,0.966202783300199,"CARD11","EUR"
1,0.345038854805726,0.266871165644172,0.441717791411043,"CARD11","SAS"
2,0.556523517382413,0.494887525562372,0.6359918200409,"CARD11","SAS"
3,0.690319018404908,0.639570552147239,0.753067484662577,"CARD11","SAS"
4,0.779942740286299,0.745910020449898,0.834867075664622,"CARD11","SAS"
5,0.838773006134969,0.807770961145194,0.881390593047035,"CARD11","SAS"
6,0.87838854805726,0.856339468302658,0.914110429447853,"CARD11","SAS"
7,0.90560327198364,0.887525562372188,0.932515337423313,"CARD11","SAS"
8,0.925075664621677,0.910020449897751,0.946830265848671,"CARD11","SAS"
9,0.93919836400818,0.928425357873211,0.957055214723926,"CARD11","SAS"
10,0.950126789366053,0.942740286298569,0.96319018404908,"CARD11","SAS"
1,0.343951588502269,0.273827534039334,0.462934947049924,"COL1A1","AFR"
2,0.547180030257186,0.481089258698941,0.637291981845688,"COL1A1","AFR"
3,0.670405446293495,0.622919818456883,0.739788199697428,"COL1A1","AFR"
4,0.751313161875946,0.718229954614221,0.806732223903177,"COL1A1","AFR"
5,0.805328290468986,0.770045385779123,0.850605143721634,"COL1A1","AFR"
6,0.845059001512859,0.813918305597579,0.881996974281392,"COL1A1","AFR"
7,0.872629349470499,0.853252647503782,0.898638426626324,"COL1A1","AFR"
8,0.892753403933434,0.874432677760968,0.913767019667171,"COL1A1","AFR"
9,0.90667776096823,0.893721633888048,0.922844175491679,"COL1A1","AFR"
10,0.917467473524962,0.906202723146747,0.931921331316188,"COL1A1","AFR"
1,0.306674351585014,0.23342939481268,0.429394812680115,"COL1A1","AMR"
2,0.495579250720461,0.443804034582133,0.59149855907781,"COL1A1","AMR"
3,0.608115273775216,0.536023054755043,0.688760806916426,"COL1A1","AMR"
4,0.683867435158501,0.636167146974063,0.755043227665706,"COL1A1","AMR"
5,0.738080691642651,0.680115273775216,0.804034582132565,"COL1A1","AMR"
6,0.776910662824208,0.737752161383285,0.827089337175792,"COL1A1","AMR"
7,0.803348703170029,0.772334293948127,0.85014409221902,"COL1A1","AMR"
8,0.826616714697406,0.801152737752161,0.870317002881844,"COL1A1","AMR"
9,0.843953890489914,0.818443804034582,0.884726224783862,"COL1A1","AMR"
10,0.857694524495677,0.832132564841498,0.890489913544669,"COL1A1","AMR"
1,0.349269841269841,0.347222222222222,0.476190476190476,"COL1A1","EAS"
2,0.530650793650794,0.478174603174603,0.643353174603175,"COL1A1","EAS"
3,0.631900793650794,0.581349206349206,0.718253968253968,"COL1A1","EAS"
4,0.704238095238095,0.654265873015873,0.767857142857143,"COL1A1","EAS"
5,0.748805555555556,0.706349206349206,0.811507936507937,"COL1A1","EAS"
6,0.783896825396825,0.748015873015873,0.83531746031746,"COL1A1","EAS"
7,0.807690476190476,0.775793650793651,0.853174603174603,"COL1A1","EAS"
8,0.825162698412698,0.795634920634921,0.865079365079365,"COL1A1","EAS"
9,0.83815873015873,0.811507936507937,0.871031746031746,"COL1A1","EAS"
10,0.850849206349206,0.824900793650794,0.878968253968254,"COL1A1","EAS"
1,0.304091451292247,0.248508946322068,0.457256461232604,"COL1A1","EUR"
2,0.481304174950298,0.451292246520875,0.550695825049702,"COL1A1","EUR"
3,0.588540755467197,0.530815109343936,0.68986083499006,"COL1A1","EUR"
4,0.661721669980119,0.570576540755467,0.740059642147117,"COL1A1","EUR"
5,0.720453280318091,0.667495029821074,0.801192842942346,"COL1A1","EUR"
6,0.757872763419483,0.715705765407555,0.829025844930418,"COL1A1","EUR"
7,0.792894632206759,0.74155069582505,0.848906560636183,"COL1A1","EUR"
8,0.817693836978131,0.773359840954274,0.866799204771372,"COL1A1","EUR"
9,0.834326043737575,0.809145129224652,0.878727634194831,"COL1A1","EUR"
10,0.848023856858847,0.833001988071571,0.886679920477137,"COL1A1","EUR"
1,0.339501022494888,0.216768916155419,0.468302658486708,"COL1A1","SAS"
2,0.522674846625767,0.48159509202454,0.593047034764826,"COL1A1","SAS"
3,0.628204498977505,0.582822085889571,0.69120654396728,"COL1A1","SAS"
4,0.69119427402863,0.64161554192229,0.748466257668712,"COL1A1","SAS"
5,0.735141104294479,0.689161554192229,0.785276073619632,"COL1A1","SAS"
6,0.766732106339468,0.7280163599182,0.811860940695297,"COL1A1","SAS"
7,0.789022494887526,0.754601226993865,0.828220858895706,"COL1A1","SAS"
8,0.806179959100204,0.773006134969325,0.842535787321063,"COL1A1","SAS"
9,0.819959100204499,0.80521472392638,0.848670756646217,"COL1A1","SAS"
10,0.830364008179959,0.819529652351738,0.853271983640082,"COL1A1","SAS"
1,0.272590015128593,0.154689863842663,0.408472012102874,"COL1A2","AFR"
2,0.452795763993949,0.364977307110439,0.571860816944024,"COL1A2","AFR"
3,0.58138880484115,0.50642965204236,0.677760968229955,"COL1A2","AFR"
4,0.677343419062027,0.628971255673222,0.754916792738275,"COL1A2","AFR"
5,0.740172465960666,0.703101361573374,0.804841149773071,"COL1A2","AFR"
6,0.784822995461422,0.753403933434191,0.835098335854766,"COL1A2","AFR"
7,0.817046898638427,0.788199697428139,0.857791225416036,"COL1A2","AFR"
8,0.840698940998487,0.822617246596067,0.874432677760968,"COL1A2","AFR"
9,0.857476550680787,0.842662632375189,0.885022692889561,"COL1A2","AFR"
10,0.869712556732224,0.854765506807867,0.892586989409985,"COL1A2","AFR"
1,0.326755043227666,0.259365994236311,0.420749279538905,"COL1A2","AMR"
2,0.526409221902017,0.469740634005764,0.60806916426513,"COL1A2","AMR"
3,0.643020172910663,0.598703170028818,0.712536023054755,"COL1A2","AMR"
4,0.718034582132565,0.682276657060519,0.76657060518732,"COL1A2","AMR"
5,0.763268011527378,0.740634005763689,0.798270893371758,"COL1A2","AMR"
6,0.795976945244957,0.778097982708934,0.815561959654179,"COL1A2","AMR"
7,0.813533141210375,0.792507204610951,0.829971181556196,"COL1A2","AMR"
8,0.825371757925072,0.804034582132565,0.85014409221902,"COL1A2","AMR"
9,0.83371757925072,0.809798270893372,0.867435158501441,"COL1A2","AMR"
10,0.842097982708934,0.815561959654179,0.881844380403458,"COL1A2","AMR"
1,0.32268253968254,0.208333333333333,0.458333333333333,"COL1A2","EAS"
2,0.51422619047619,0.437996031746032,0.601190476190476,"COL1A2","EAS"
3,0.628079365079365,0.58531746031746,0.696428571428571,"COL1A2","EAS"
4,0.691011904761905,0.66468253968254,0.744047619047619,"COL1A2","EAS"
5,0.731269841269841,0.700396825396825,0.767857142857143,"COL1A2","EAS"
6,0.755119047619048,0.739583333333333,0.781746031746032,"COL1A2","EAS"
7,0.77240873015873,0.759920634920635,0.791666666666667,"COL1A2","EAS"
8,0.783734126984127,0.767857142857143,0.813492063492063,"COL1A2","EAS"
9,0.792654761904762,0.773809523809524,0.817956349206349,"COL1A2","EAS"
10,0.798412698412698,0.777777777777778,0.821428571428571,"COL1A2","EAS"
1,0.344707753479125,0.296222664015905,0.447316103379722,"COL1A2","EUR"
2,0.545506958250497,0.484592445328032,0.628230616302187,"COL1A2","EUR"
3,0.664970178926441,0.608349900596421,0.737574552683897,"COL1A2","EUR"
4,0.740727634194831,0.709741550695825,0.795228628230616,"COL1A2","EUR"
5,0.786019880715706,0.755467196819085,0.825049701789264,"COL1A2","EUR"
6,0.814990059642147,0.796719681908549,0.846918489065606,"COL1A2","EUR"
7,0.834174950298211,0.817097415506958,0.854870775347913,"COL1A2","EUR"
8,0.846059642147117,0.831013916500994,0.861332007952286,"COL1A2","EUR"
9,0.855988071570577,0.846918489065606,0.868787276341948,"COL1A2","EUR"
10,0.861415506958251,0.850894632206759,0.880715705765408,"COL1A2","EUR"
1,0.324102249488753,0.194274028629857,0.423312883435583,"COL1A2","SAS"
2,0.519689161554192,0.470347648261759,0.615541922290389,"COL1A2","SAS"
3,0.632601226993865,0.576687116564417,0.695807770961145,"COL1A2","SAS"
4,0.692858895705522,0.651840490797546,0.742331288343558,"COL1A2","SAS"
5,0.733885480572597,0.700920245398773,0.770961145194274,"COL1A2","SAS"
6,0.762670756646217,0.736196319018405,0.797546012269939,"COL1A2","SAS"
7,0.781276073619632,0.744376278118609,0.83077709611452,"COL1A2","SAS"
8,0.794224948875256,0.760736196319018,0.844580777096115,"COL1A2","SAS"
9,0.803480572597137,0.768916155419223,0.852760736196319,"COL1A2","SAS"
10,0.809116564417178,0.773006134969325,0.860940695296524,"COL1A2","SAS"
1,0.37432980332829,0.254160363086233,0.481089258698941,"COL2A1","AFR"
2,0.579246596066566,0.518910741301059,0.674735249621785,"COL2A1","AFR"
3,0.693987897125567,0.639561270801815,0.760968229954614,"COL2A1","AFR"
4,0.772647503782148,0.740922844175492,0.821860816944024,"COL2A1","AFR"
5,0.822069591527988,0.794251134644478,0.863842662632375,"COL2A1","AFR"
6,0.852928895612708,0.835098335854766,0.883509833585477,"COL2A1","AFR"
7,0.874535552193646,0.857791225416036,0.901664145234493,"COL2A1","AFR"
8,0.889897125567322,0.874432677760968,0.912254160363086,"COL2A1","AFR"
9,0.902284417549168,0.888048411497731,0.91981845688351,"COL2A1","AFR"
10,0.910650529500756,0.898638426626324,0.925869894099849,"COL2A1","AFR"
1,0.401475504322767,0.340057636887608,0.463976945244957,"COL2A1","AMR"
2,0.57136023054755,0.535302593659942,0.619596541786744,"COL2A1","AMR"
3,0.654634005763689,0.62536023054755,0.697406340057637,"COL2A1","AMR"
4,0.69949855907781,0.680115273775216,0.729106628242075,"COL2A1","AMR"
5,0.724593659942363,0.711815561959654,0.746397694524496,"COL2A1","AMR"
6,0.741948126801153,0.729106628242075,0.760806916426513,"COL2A1","AMR"
7,0.754023054755043,0.740634005763689,0.767291066282421,"COL2A1","AMR"
8,0.761942363112392,0.749279538904899,0.77521613832853,"COL2A1","AMR"
9,0.768334293948127,0.752161383285303,0.780979827089337,"COL2A1","AMR"
10,0.773256484149856,0.757925072046109,0.786743515850144,"COL2A1","AMR"
1,0.399162698412698,0.382936507936508,0.492063492063492,"COL2A1","EAS"
2,0.575535714285714,0.513888888888889,0.660714285714286,"COL2A1","EAS"
3,0.658507936507936,0.613095238095238,0.71031746031746,"COL2A1","EAS"
4,0.704166666666667,0.682539682539683,0.742559523809524,"COL2A1","EAS"
5,0.733369047619048,0.714285714285714,0.767857142857143,"COL2A1","EAS"
6,0.755960317460317,0.738095238095238,0.781746031746032,"COL2A1","EAS"
7,0.770202380952381,0.751984126984127,0.795634920634921,"COL2A1","EAS"
8,0.78190873015873,0.765376984126984,0.801587301587302,"COL2A1","EAS"
9,0.789694444444444,0.775793650793651,0.807539682539683,"COL2A1","EAS"
10,0.796321428571429,0.783730158730159,0.813492063492063,"COL2A1","EAS"
1,0.394504970178926,0.268389662027833,0.502982107355865,"COL2A1","EUR"
2,0.580111332007952,0.526341948310139,0.652087475149105,"COL2A1","EUR"
3,0.676226640159046,0.642147117296223,0.743538767395626,"COL2A1","EUR"
4,0.732099403578529,0.723161033797217,0.775347912524851,"COL2A1","EUR"
5,0.763435387673956,0.749502982107356,0.79324055666004,"COL2A1","EUR"
6,0.780795228628231,0.767395626242545,0.803180914512923,"COL2A1","EUR"
7,0.79444930417495,0.785288270377734,0.813121272365805,"COL2A1","EUR"
8,0.803833001988072,0.79324055666004,0.819085487077535,"COL2A1","EUR"
9,0.810799204771372,0.799204771371769,0.823061630218688,"COL2A1","EUR"
10,0.816938369781312,0.803180914512923,0.831013916500994,"COL2A1","EUR"
1,0.409869120654397,0.339468302658487,0.484662576687117,"COL2A1","SAS"
2,0.609443762781186,0.572597137014315,0.666666666666667,"COL2A1","SAS"
3,0.714621676891615,0.674846625766871,0.769427402862986,"COL2A1","SAS"
4,0.770997955010225,0.737730061349693,0.813905930470348,"COL2A1","SAS"
5,0.800846625766871,0.785276073619632,0.832310838445808,"COL2A1","SAS"
6,0.82119427402863,0.805725971370143,0.848670756646217,"COL2A1","SAS"
7,0.83560327198364,0.822085889570552,0.856850715746421,"COL2A1","SAS"
8,0.845533742331288,0.833844580777096,0.862985685071575,"COL2A1","SAS"
9,0.854531697341513,0.842535787321063,0.869120654396728,"COL2A1","SAS"
10,0.860973415132924,0.850715746421268,0.875255623721881,"COL2A1","SAS"
1,0.277231467473525,0.0915279878971256,0.441754916792738,"KCNJ11","AFR"
2,0.435694402420575,0.42965204236006,0.531013615733737,"KCNJ11","AFR"
3,0.522750378214826,0.503782148260212,0.59606656580938,"KCNJ11","AFR"
4,0.574656580937973,0.547276853252648,0.624810892586989,"KCNJ11","AFR"
5,0.609658093797277,0.576399394856278,0.641452344931921,"KCNJ11","AFR"
6,0.631945537065053,0.616868381240545,0.658093797276853,"KCNJ11","AFR"
7,0.647180030257186,0.630862329803328,0.673600605143722,"KCNJ11","AFR"
8,0.660217851739788,0.641452344931921,0.686838124054463,"KCNJ11","AFR"
9,0.668060514372163,0.645990922844175,0.691754916792738,"KCNJ11","AFR"
10,0.675978819969743,0.653555219364599,0.697428139183056,"KCNJ11","AFR"
1,0.381458213256484,0.293948126801153,0.45821325648415,"KCNJ11","AMR"
2,0.564507204610951,0.518731988472622,0.642651296829971,"KCNJ11","AMR"
3,0.662466858789625,0.61671469740634,0.723342939481268,"KCNJ11","AMR"
4,0.712812680115274,0.682276657060519,0.763688760806916,"KCNJ11","AMR"
5,0.740824207492795,0.729106628242075,0.778097982708934,"KCNJ11","AMR"
6,0.759256484149856,0.743515850144092,0.780979827089337,"KCNJ11","AMR"
7,0.770023054755043,0.772334293948127,0.783861671469741,"KCNJ11","AMR"
8,0.777965417867435,0.780979827089337,0.786743515850144,"KCNJ11","AMR"
9,0.782726224783862,0.780979827089337,0.792507204610951,"KCNJ11","AMR"
10,0.785481268011527,0.780979827089337,0.792507204610951,"KCNJ11","AMR"
1,0.36681746031746,0.200396825396825,0.494047619047619,"KCNJ11","EAS"
2,0.509428571428571,0.486607142857143,0.569444444444444,"KCNJ11","EAS"
3,0.569662698412698,0.563492063492063,0.603174603174603,"KCNJ11","EAS"
4,0.595226190476191,0.575396825396825,0.619047619047619,"KCNJ11","EAS"
5,0.608757936507937,0.589285714285714,0.625,"KCNJ11","EAS"
6,0.616031746031746,0.613095238095238,0.626984126984127,"KCNJ11","EAS"
7,0.621257936507936,0.617063492063492,0.628968253968254,"KCNJ11","EAS"
8,0.625087301587302,0.625,0.628968253968254,"KCNJ11","EAS"
9,0.627888888888889,0.626984126984127,0.630952380952381,"KCNJ11","EAS"
10,0.629892857142857,0.626984126984127,0.630952380952381,"KCNJ11","EAS"
1,0.394123260437376,0.343936381709742,0.493041749502982,"KCNJ11","EUR"
2,0.564389662027833,0.495029821073559,0.666003976143141,"KCNJ11","EUR"
3,0.654059642147117,0.595924453280318,0.713717693836978,"KCNJ11","EUR"
4,0.697753479125249,0.693836978131213,0.737574552683897,"KCNJ11","EUR"
5,0.725817097415507,0.717693836978131,0.753479125248509,"KCNJ11","EUR"
6,0.738982107355865,0.72962226640159,0.755467196819085,"KCNJ11","EUR"
7,0.747228628230616,0.74155069582505,0.757455268389662,"KCNJ11","EUR"
8,0.752898608349901,0.750994035785288,0.759443339960239,"KCNJ11","EUR"
9,0.756652087475149,0.755467196819085,0.761431411530815,"KCNJ11","EUR"
10,0.759252485089463,0.755467196819085,0.761431411530815,"KCNJ11","EUR"
1,0.344126789366053,0.323108384458078,0.406952965235174,"KCNJ11","SAS"
2,0.522895705521472,0.447852760736196,0.615541922290389,"KCNJ11","SAS"
3,0.613713701431493,0.595092024539877,0.670756646216769,"KCNJ11","SAS"
4,0.660572597137014,0.650306748466258,0.701431492842536,"KCNJ11","SAS"
5,0.686683026584867,0.683026584867076,0.717791411042945,"KCNJ11","SAS"
6,0.703439672801636,0.696830265848671,0.723926380368098,"KCNJ11","SAS"
7,0.717096114519427,0.711145194274029,0.7280163599182,"KCNJ11","SAS"
8,0.724323108384458,0.717791411042945,0.730061349693252,"KCNJ11","SAS"
9,0.728437627811861,0.721881390593047,0.740286298568507,"KCNJ11","SAS"
10,0.731770961145194,0.723926380368098,0.74642126789366,"KCNJ11","SAS"
1,0.236635400907716,0.104387291981846,0.35249621785174,"KCNQ2","AFR"
2,0.402723146747352,0.293494704992436,0.52231467473525,"KCNQ2","AFR"
3,0.526617246596067,0.431164901664145,0.642965204236006,"KCNQ2","AFR"
4,0.615540090771558,0.5321482602118,0.720499243570348,"KCNQ2","AFR"
5,0.686738275340393,0.62178517397882,0.774583963691377,"KCNQ2","AFR"
6,0.734399394856278,0.680786686838124,0.81089258698941,"KCNQ2","AFR"
7,0.775310136157337,0.72768532526475,0.844553706505295,"KCNQ2","AFR"
8,0.807243570347958,0.776096822995461,0.86232980332829,"KCNQ2","AFR"
9,0.830211800302572,0.799924357034796,0.878971255673222,"KCNQ2","AFR"
10,0.849673222390318,0.822995461422088,0.892586989409985,"KCNQ2","AFR"
1,0.318541786743516,0.23342939481268,0.438040345821326,"KCNQ2","AMR"
2,0.512593659942363,0.438040345821326,0.605907780979827,"KCNQ2","AMR"
3,0.637723342939481,0.579250720461095,0.717579250720461,"KCNQ2","AMR"
4,0.708662824207493,0.650576368876081,0.778097982708934,"KCNQ2","AMR"
5,0.759902017291066,0.711815561959654,0.821325648414986,"KCNQ2","AMR"
6,0.795521613832853,0.757925072046109,0.847262247838617,"KCNQ2","AMR"
7,0.824680115273775,0.795389048991354,0.870317002881844,"KCNQ2","AMR"
8,0.846317002881844,0.821325648414986,0.882564841498559,"KCNQ2","AMR"
9,0.862864553314121,0.84149855907781,0.896253602305475,"KCNQ2","AMR"
10,0.874657060518732,0.853025936599424,0.904899135446686,"KCNQ2","AMR"
1,0.32381746031746,0.0972222222222222,0.500496031746032,"KCNQ2","EAS"
2,0.510666666666667,0.505456349206349,0.621031746031746,"KCNQ2","EAS"
3,0.618075396825397,0.579365079365079,0.692460317460317,"KCNQ2","EAS"
4,0.685107142857143,0.652777777777778,0.734126984126984,"KCNQ2","EAS"
5,0.722833333333333,0.700396825396825,0.761904761904762,"KCNQ2","EAS"
6,0.747154761904762,0.719742063492063,0.781746031746032,"KCNQ2","EAS"
7,0.768960317460317,0.746031746031746,0.797619047619048,"KCNQ2","EAS"
8,0.782702380952381,0.761904761904762,0.80952380952381,"KCNQ2","EAS"
9,0.793940476190476,0.773809523809524,0.821428571428571,"KCNQ2","EAS"
10,0.803734126984127,0.785714285714286,0.827380952380952,"KCNQ2","EAS"
1,0.284178926441352,0.153081510934394,0.405566600397614,"KCNQ2","EUR"
2,0.466278330019881,0.407554671968191,0.566600397614314,"KCNQ2","EUR"
3,0.582302186878728,0.525844930417495,0.676441351888668,"KCNQ2","EUR"
4,0.663077534791253,0.596421471172962,0.743538767395626,"KCNQ2","EUR"
5,0.716528827037773,0.669980119284294,0.789761431411531,"KCNQ2","EUR"
6,0.751371769383698,0.707753479125249,0.815109343936382,"KCNQ2","EUR"
7,0.783499005964215,0.745526838966203,0.836978131212724,"KCNQ2","EUR"
8,0.80944731610338,0.777335984095427,0.855367793240557,"KCNQ2","EUR"
9,0.826994035785288,0.797216699801193,0.868787276341948,"KCNQ2","EUR"
10,0.838922465208747,0.811133200795229,0.876739562624254,"KCNQ2","EUR"
1,0.275730061349693,0.161554192229039,0.404907975460123,"KCNQ2","SAS"
2,0.457337423312883,0.364519427402863,0.570552147239264,"KCNQ2","SAS"
3,0.578130879345603,0.5,0.676891615541922,"KCNQ2","SAS"
4,0.657145194274029,0.59918200408998,0.736196319018405,"KCNQ2","SAS"
5,0.714952965235174,0.683026584867076,0.777096114519427,"KCNQ2","SAS"
6,0.752912065439673,0.723926380368098,0.805725971370143,"KCNQ2","SAS"
7,0.784556237218814,0.760736196319018,0.826175869120654,"KCNQ2","SAS"
8,0.804936605316973,0.783231083844581,0.840490797546012,"KCNQ2","SAS"
9,0.821361963190184,0.801635991820041,0.852760736196319,"KCNQ2","SAS"
10,0.836241308793456,0.81799591002045,0.862985685071575,"KCNQ2","SAS"
1,0.345379727685325,0.253025718608169,0.465960665658094,"KIF1A","AFR"
2,0.562653555219365,0.491679273827534,0.650907715582451,"KIF1A","AFR"
3,0.701957639939486,0.645990922844175,0.768532526475038,"KIF1A","AFR"
4,0.787754916792738,0.745839636913767,0.838124054462935,"KIF1A","AFR"
5,0.844692889561271,0.812027231467474,0.886535552193646,"KIF1A","AFR"
6,0.883437216338881,0.859304084720121,0.91679273827534,"KIF1A","AFR"
7,0.909679273827534,0.89409984871407,0.934947049924357,"KIF1A","AFR"
8,0.928723146747352,0.915279878971256,0.947049924357035,"KIF1A","AFR"
9,0.942323751891074,0.931921331316188,0.957639939485628,"KIF1A","AFR"
10,0.951213313161876,0.942511346444781,0.963691376701967,"KIF1A","AFR"
1,0.345556195965418,0.259365994236311,0.444524495677233,"KIF1A","AMR"
2,0.537048991354467,0.475504322766571,0.613832853025937,"KIF1A","AMR"
3,0.645302593659942,0.605187319884726,0.694524495677233,"KIF1A","AMR"
4,0.708276657060519,0.677233429394813,0.752161383285303,"KIF1A","AMR"
5,0.750657060518732,0.720461095100865,0.789625360230548,"KIF1A","AMR"
6,0.779544668587896,0.749279538904899,0.812680115273775,"KIF1A","AMR"
7,0.799268011527377,0.769452449567723,0.829971181556196,"KIF1A","AMR"
8,0.815256484149856,0.783861671469741,0.845100864553314,"KIF1A","AMR"
9,0.828726224783862,0.801152737752161,0.855907780979827,"KIF1A","AMR"
10,0.83907204610951,0.812680115273775,0.864553314121037,"KIF1A","AMR"
1,0.365289682539683,0.26984126984127,0.476190476190476,"KIF1A","EAS"
2,0.567801587301587,0.519345238095238,0.647321428571429,"KIF1A","EAS"
3,0.688416666666667,0.646825396825397,0.751984126984127,"KIF1A","EAS"
4,0.756353174603175,0.722222222222222,0.805555555555556,"KIF1A","EAS"
5,0.800111111111111,0.767361111111111,0.841269841269841,"KIF1A","EAS"
6,0.828698412698413,0.799603174603175,0.863095238095238,"KIF1A","EAS"
7,0.85159126984127,0.827380952380952,0.880952380952381,"KIF1A","EAS"
8,0.867873015873016,0.847222222222222,0.892857142857143,"KIF1A","EAS"
9,0.879440476190476,0.861111111111111,0.904761904761905,"KIF1A","EAS"
10,0.890349206349206,0.873015873015873,0.913194444444444,"KIF1A","EAS"
1,0.382166998011928,0.345924453280318,0.443836978131213,"KIF1A","EUR"
2,0.569940357852883,0.495029821073559,0.654075546719682,"KIF1A","EUR"
3,0.684385685884692,0.642147117296223,0.745526838966203,"KIF1A","EUR"
4,0.752866799204771,0.717693836978131,0.807157057654076,"KIF1A","EUR"
5,0.79413916500994,0.767395626242545,0.836978131212724,"KIF1A","EUR"
6,0.822950298210736,0.79324055666004,0.860834990059642,"KIF1A","EUR"
7,0.846322067594433,0.817097415506958,0.880715705765408,"KIF1A","EUR"
8,0.863594433399602,0.836978131212724,0.894632206759443,"KIF1A","EUR"
9,0.876437375745527,0.852882703777336,0.906560636182903,"KIF1A","EUR"
10,0.886898608349901,0.864811133200795,0.914512922465209,"KIF1A","EUR"
1,0.319680981595092,0.225460122699386,0.438139059304703,"KIF1A","SAS"
2,0.499775051124744,0.425357873210634,0.588957055214724,"KIF1A","SAS"
3,0.618327198364008,0.565950920245399,0.689161554192229,"KIF1A","SAS"
4,0.688723926380368,0.643660531697341,0.746932515337423,"KIF1A","SAS"
5,0.735406952965235,0.697341513292434,0.781697341513292,"KIF1A","SAS"
6,0.769562372188139,0.736196319018405,0.811860940695297,"KIF1A","SAS"
7,0.795922290388548,0.76278118609407,0.834867075664622,"KIF1A","SAS"
8,0.818143149284254,0.789366053169734,0.85480572597137,"KIF1A","SAS"
9,0.83239672801636,0.803680981595092,0.867075664621677,"KIF1A","SAS"
10,0.843394683026585,0.813394683026585,0.877300613496933,"KIF1A","SAS"
1,0.299016641452345,0.258698940998487,0.400907715582451,"KIF5B","AFR"
2,0.454450832072617,0.322239031770045,0.591527987897126,"KIF5B","AFR"
3,0.53899243570348,0.406580937972769,0.630862329803328,"KIF5B","AFR"
4,0.605177004538578,0.577912254160363,0.703857791225416,"KIF5B","AFR"
5,0.645080181543117,0.614220877458396,0.736762481089259,"KIF5B","AFR"
6,0.684714069591528,0.633509833585477,0.75642965204236,"KIF5B","AFR"
7,0.708883509833586,0.64750378214826,0.767019667170953,"KIF5B","AFR"
8,0.727661119515885,0.683434190620272,0.779122541603631,"KIF5B","AFR"
9,0.741585476550681,0.708018154311649,0.788199697428139,"KIF5B","AFR"
10,0.755210287443268,0.737897125567322,0.795763993948563,"KIF5B","AFR"
1,0.33742939481268,0.282420749279539,0.414985590778098,"KIF5B","AMR"
2,0.49149855907781,0.282420749279539,0.610951008645533,"KIF5B","AMR"
3,0.568121037463977,0.590778097982709,0.628242074927954,"KIF5B","AMR"
4,0.614933717579251,0.610951008645533,0.720461095100865,"KIF5B","AMR"
5,0.645827089337176,0.610951008645533,0.740634005763689,"KIF5B","AMR"
6,0.668697406340058,0.61671469740634,0.746397694524496,"KIF5B","AMR"
7,0.685561959654179,0.622478386167147,0.752161383285303,"KIF5B","AMR"
8,0.701556195965418,0.628242074927954,0.755043227665706,"KIF5B","AMR"
9,0.710380403458213,0.634005763688761,0.757925072046109,"KIF5B","AMR"
10,0.719861671469741,0.645533141210375,0.760806916426513,"KIF5B","AMR"
1,0.205384920634921,0.00992063492063492,0.5,"KIF5B","EAS"
2,0.326571428571429,0.00992063492063492,0.505952380952381,"KIF5B","EAS"
3,0.419313492063492,0.5,0.517857142857143,"KIF5B","EAS"
4,0.47718253968254,0.503968253968254,0.615079365079365,"KIF5B","EAS"
5,0.521646825396825,0.503968253968254,0.619047619047619,"KIF5B","EAS"
6,0.549388888888889,0.505952380952381,0.619047619047619,"KIF5B","EAS"
7,0.562896825396825,0.507936507936508,0.621031746031746,"KIF5B","EAS"
8,0.58084126984127,0.509920634920635,0.623015873015873,"KIF5B","EAS"
9,0.590142857142857,0.513888888888889,0.623015873015873,"KIF5B","EAS"
10,0.59415873015873,0.615079365079365,0.625,"KIF5B","EAS"
1,0.37337972166998,0.364811133200795,0.375745526838966,"KIF5B","EUR"
2,0.505884691848907,0.375745526838966,0.58648111332008,"KIF5B","EUR"
3,0.569809145129225,0.582504970178926,0.612326043737575,"KIF5B","EUR"
4,0.611590457256461,0.584493041749503,0.686381709741551,"KIF5B","EUR"
5,0.635391650099404,0.584493041749503,0.739562624254473,"KIF5B","EUR"
6,0.65462027833002,0.58648111332008,0.74155069582505,"KIF5B","EUR"
7,0.670238568588469,0.588469184890656,0.743538767395626,"KIF5B","EUR"
8,0.681387673956262,0.590457256461233,0.745526838966203,"KIF5B","EUR"
9,0.691339960238569,0.590457256461233,0.747514910536779,"KIF5B","EUR"
10,0.700131212723658,0.590457256461233,0.749502982107356,"KIF5B","EUR"
1,0.346613496932515,0.29038854805726,0.427402862985685,"KIF5B","SAS"
2,0.495402862985685,0.29038854805726,0.611451942740286,"KIF5B","SAS"
3,0.565141104294479,0.550102249488753,0.61758691206544,"KIF5B","SAS"
4,0.616462167689162,0.611451942740286,0.719836400817996,"KIF5B","SAS"
5,0.64797955010225,0.613496932515337,0.721881390593047,"KIF5B","SAS"
6,0.669451942740286,0.615541922290389,0.725971370143149,"KIF5B","SAS"
7,0.681447852760736,0.615541922290389,0.7280163599182,"KIF5B","SAS"
8,0.69000408997955,0.621676891615542,0.730061349693252,"KIF5B","SAS"
9,0.701971370143149,0.717791411042945,0.732106339468303,"KIF5B","SAS"
10,0.708257668711656,0.719836400817996,0.734151329243354,"KIF5B","SAS"
1,0.329177004538578,0.169440242057489,0.440242057488654,"MTOR","AFR"
2,0.472829046898638,0.425113464447806,0.539334341906203,"MTOR","AFR"
3,0.558853252647504,0.493192133131619,0.661497730711044,"MTOR","AFR"
4,0.609594553706505,0.518910741301059,0.70499243570348,"MTOR","AFR"
5,0.645243570347958,0.538199697428139,0.73071104387292,"MTOR","AFR"
6,0.669860816944024,0.583963691376702,0.744326777609682,"MTOR","AFR"
7,0.68753706505295,0.597579425113464,0.757186081694402,"MTOR","AFR"
8,0.705177004538578,0.631240544629349,0.776096822995461,"MTOR","AFR"
9,0.720898638426626,0.680786686838124,0.786686838124054,"MTOR","AFR"
10,0.736977307110439,0.718608169440242,0.794251134644478,"MTOR","AFR"
1,0.286311239193084,0.236311239193084,0.325648414985591,"MTOR","AMR"
2,0.402195965417867,0.354466858789625,0.463976945244957,"MTOR","AMR"
3,0.450011527377522,0.445965417867435,0.469740634005764,"MTOR","AMR"
4,0.467798270893372,0.463976945244957,0.475504322766571,"MTOR","AMR"
5,0.478097982708934,0.46685878962536,0.481268011527378,"MTOR","AMR"
6,0.483682997118156,0.469740634005764,0.484149855907781,"MTOR","AMR"
7,0.488651296829971,0.472622478386167,0.490634005763689,"MTOR","AMR"
8,0.492299711815562,0.472622478386167,0.495677233429395,"MTOR","AMR"
9,0.495988472622478,0.472622478386167,0.499279538904899,"MTOR","AMR"
10,0.499106628242075,0.475504322766571,0.507204610951009,"MTOR","AMR"
1,0.232269841269841,0.162698412698413,0.311507936507937,"MTOR","EAS"
2,0.321984126984127,0.240575396825397,0.371031746031746,"MTOR","EAS"
3,0.363555555555556,0.369047619047619,0.375,"MTOR","EAS"
4,0.380293650793651,0.371031746031746,0.376984126984127,"MTOR","EAS"
5,0.395043650793651,0.373015873015873,0.386904761904762,"MTOR","EAS"
6,0.403079365079365,0.375,0.400793650793651,"MTOR","EAS"
7,0.408738095238095,0.375,0.400793650793651,"MTOR","EAS"
8,0.413611111111111,0.375,0.404761904761905,"MTOR","EAS"
9,0.420115079365079,0.375,0.418650793650794,"MTOR","EAS"
10,0.425035714285714,0.376984126984127,0.424603174603175,"MTOR","EAS"
1,0.293924453280318,0.272365805168986,0.375745526838966,"MTOR","EUR"
2,0.384775347912525,0.383697813121272,0.407554671968191,"MTOR","EUR"
3,0.416508946322068,0.405566600397614,0.431411530815109,"MTOR","EUR"
4,0.434560636182903,0.405566600397614,0.435387673956262,"MTOR","EUR"
5,0.441777335984095,0.42544731610338,0.439363817097416,"MTOR","EUR"
6,0.449650099403579,0.429423459244533,0.443339960238569,"MTOR","EUR"
7,0.457065606361829,0.431411530815109,0.455268389662028,"MTOR","EUR"
8,0.463224652087475,0.431411530815109,0.467196819085487,"MTOR","EUR"
9,0.468031809145129,0.431411530815109,0.469184890656064,"MTOR","EUR"
10,0.47220675944334,0.433399602385686,0.473161033797217,"MTOR","EUR"
1,0.322372188139059,0.226993865030675,0.368098159509202,"MTOR","SAS"
2,0.448494887525562,0.368098159509202,0.519427402862986,"MTOR","SAS"
3,0.504245398773006,0.517382413087935,0.541922290388548,"MTOR","SAS"
4,0.531132924335378,0.521472392638037,0.54601226993865,"MTOR","SAS"
5,0.543672801635992,0.525562372188139,0.548057259713701,"MTOR","SAS"
6,0.550449897750511,0.535787321063395,0.554192229038855,"MTOR","SAS"
7,0.556674846625767,0.541922290388548,0.562372188139059,"MTOR","SAS"
8,0.561644171779141,0.543967280163599,0.566462167689162,"MTOR","SAS"
9,0.565456032719836,0.543967280163599,0.570552147239264,"MTOR","SAS"
10,0.56961145194274,0.543967280163599,0.572597137014315,"MTOR","SAS"
1,0.313661119515885,0.163010590015129,0.46142208774584,"NLRP3","AFR"
2,0.527022692889561,0.442889561270802,0.652042360060514,"NLRP3","AFR"
3,0.670865355521936,0.604765506807867,0.765506807866868,"NLRP3","AFR"
4,0.765664145234493,0.721633888048411,0.841527987897126,"NLRP3","AFR"
5,0.833034795763994,0.798411497730711,0.889561270801815,"NLRP3","AFR"
6,0.878889561270802,0.852874432677761,0.922844175491679,"NLRP3","AFR"
7,0.909839636913767,0.890695915279879,0.944024205748865,"NLRP3","AFR"
8,0.931273827534039,0.911875945537065,0.959152798789713,"NLRP3","AFR"
9,0.948387291981846,0.936459909228442,0.969742813918306,"NLRP3","AFR"
10,0.960172465960666,0.951588502269289,0.977307110438729,"NLRP3","AFR"
1,0.340524495677233,0.212536023054755,0.455331412103746,"NLRP3","AMR"
2,0.548512968299712,0.484149855907781,0.631123919308357,"NLRP3","AMR"
3,0.677060518731988,0.622478386167147,0.75,"NLRP3","AMR"
4,0.761798270893372,0.723342939481268,0.818443804034582,"NLRP3","AMR"
5,0.819567723342939,0.786023054755043,0.864553314121037,"NLRP3","AMR"
6,0.859048991354467,0.829971181556196,0.896253602305475,"NLRP3","AMR"
7,0.88528530259366,0.864553314121037,0.9164265129683,"NLRP3","AMR"
8,0.904795389048991,0.884726224783862,0.930835734870317,"NLRP3","AMR"
9,0.918634005763689,0.902017291066282,0.942363112391931,"NLRP3","AMR"
10,0.930587896253602,0.915706051873199,0.951008645533141,"NLRP3","AMR"
1,0.31590873015873,0.123015873015873,0.462301587301587,"NLRP3","EAS"
2,0.513297619047619,0.46031746031746,0.63343253968254,"NLRP3","EAS"
3,0.638476190476191,0.571428571428571,0.741071428571429,"NLRP3","EAS"
4,0.72025,0.660218253968254,0.803571428571429,"NLRP3","EAS"
5,0.785210317460317,0.739583333333333,0.859126984126984,"NLRP3","EAS"
6,0.825722222222222,0.783234126984127,0.890873015873016,"NLRP3","EAS"
7,0.858654761904762,0.823412698412698,0.910714285714286,"NLRP3","EAS"
8,0.882476190476191,0.85515873015873,0.924603174603175,"NLRP3","EAS"
9,0.900892857142857,0.876984126984127,0.936507936507937,"NLRP3","EAS"
10,0.915436507936508,0.896825396825397,0.948412698412698,"NLRP3","EAS"
1,0.331363817097416,0.198807157057654,0.461232604373757,"NLRP3","EUR"
2,0.541367793240557,0.481113320079523,0.642644135188867,"NLRP3","EUR"
3,0.66913717693837,0.604373757455268,0.753479125248509,"NLRP3","EUR"
4,0.756584493041749,0.699801192842942,0.825049701789264,"NLRP3","EUR"
5,0.810572564612326,0.767395626242545,0.870775347912525,"NLRP3","EUR"
6,0.848922465208747,0.815109343936382,0.900596421471173,"NLRP3","EUR"
7,0.879769383697813,0.850397614314115,0.920974155069582,"NLRP3","EUR"
8,0.900393638170974,0.876739562624254,0.936381709741551,"NLRP3","EUR"
9,0.917363817097416,0.900099403578529,0.94831013916501,"NLRP3","EUR"
10,0.928898608349901,0.912524850894632,0.956262425447316,"NLRP3","EUR"
1,0.317116564417178,0.167177914110429,0.464212678936605,"NLRP3","SAS"
2,0.533537832310838,0.447341513292434,0.644171779141104,"NLRP3","SAS"
3,0.664670756646217,0.590490797546012,0.756646216768916,"NLRP3","SAS"
4,0.753100204498978,0.696830265848671,0.824130879345603,"NLRP3","SAS"
5,0.8119836400818,0.770961145194274,0.875255623721881,"NLRP3","SAS"
6,0.851263803680982,0.817484662576687,0.90439672801636,"NLRP3","SAS"
7,0.878912065439673,0.850204498977505,0.924335378323108,"NLRP3","SAS"
8,0.903100204498978,0.881390593047035,0.938650306748466,"NLRP3","SAS"
9,0.918163599182004,0.899795501022495,0.948875255623722,"NLRP3","SAS"
10,0.930376278118609,0.916155419222904,0.957055214723926,"NLRP3","SAS"
1,0.386810892586989,0.260211800302572,0.488653555219365,"PIK3CA","AFR"
2,0.527875945537065,0.491679273827534,0.594931921331316,"PIK3CA","AFR"
3,0.595391830559758,0.544629349470499,0.632375189107413,"PIK3CA","AFR"
4,0.636296520423601,0.599092284417549,0.675113464447806,"PIK3CA","AFR"
5,0.664901664145234,0.622919818456883,0.711043872919818,"PIK3CA","AFR"
6,0.68743721633888,0.638048411497731,0.749243570347958,"PIK3CA","AFR"
7,0.705137670196672,0.655068078668684,0.765506807866868,"PIK3CA","AFR"
8,0.720130105900151,0.677760968229955,0.776096822995461,"PIK3CA","AFR"
9,0.732039334341906,0.689863842662632,0.78517397881997,"PIK3CA","AFR"
10,0.745875945537065,0.706505295007564,0.794251134644478,"PIK3CA","AFR"
1,0.339348703170029,0.276657060518732,0.368876080691643,"PIK3CA","AMR"
2,0.453020172910663,0.368876080691643,0.564841498559078,"PIK3CA","AMR"
3,0.503279538904899,0.400576368876081,0.62536023054755,"PIK3CA","AMR"
4,0.540795389048991,0.403458213256484,0.651296829971182,"PIK3CA","AMR"
5,0.57078386167147,0.412103746397695,0.665706051873199,"PIK3CA","AMR"
6,0.598224783861671,0.539625360230548,0.677233429394813,"PIK3CA","AMR"
7,0.618991354466859,0.601585014409222,0.69164265129683,"PIK3CA","AMR"
8,0.638207492795389,0.613832853025937,0.703170028818444,"PIK3CA","AMR"
9,0.651337175792507,0.648414985590778,0.708933717579251,"PIK3CA","AMR"
10,0.66349855907781,0.659221902017291,0.714697406340058,"PIK3CA","AMR"
1,0.192837301587302,0.172619047619048,0.186507936507937,"PIK3CA","EAS"
2,0.230869047619048,0.178571428571429,0.273809523809524,"PIK3CA","EAS"
3,0.26040873015873,0.186507936507937,0.325396825396825,"PIK3CA","EAS"
4,0.283674603174603,0.186507936507937,0.339781746031746,"PIK3CA","EAS"
5,0.301992063492063,0.188492063492063,0.380952380952381,"PIK3CA","EAS"
6,0.314539682539683,0.261904761904762,0.404761904761905,"PIK3CA","EAS"
7,0.326178571428571,0.273809523809524,0.412698412698413,"PIK3CA","EAS"
8,0.335734126984127,0.275793650793651,0.41468253968254,"PIK3CA","EAS"
9,0.346507936507936,0.28968253968254,0.416666666666667,"PIK3CA","EAS"
10,0.35659126984127,0.325396825396825,0.421130952380952,"PIK3CA","EAS"
1,0.296751491053678,0.300198807157058,0.318091451292247,"PIK3CA","EUR"
2,0.416270377733598,0.324055666003976,0.572564612326044,"PIK3CA","EUR"
3,0.48341550695825,0.341948310139165,0.642147117296223,"PIK3CA","EUR"
4,0.526266401590457,0.347912524850895,0.662524850894632,"PIK3CA","EUR"
5,0.563236580516899,0.351888667992048,0.6779324055666,"PIK3CA","EUR"
6,0.591427435387674,0.433399602385686,0.687872763419483,"PIK3CA","EUR"
7,0.614095427435388,0.610337972166998,0.705765407554672,"PIK3CA","EUR"
8,0.635272365805169,0.620278330019881,0.711729622266402,"PIK3CA","EUR"
9,0.648489065606362,0.625745526838966,0.714214711729622,"PIK3CA","EUR"
10,0.662381709741551,0.662027833001988,0.721669980119284,"PIK3CA","EUR"
1,0.277030674846626,0.169734151329243,0.390593047034765,"PIK3CA","SAS"
2,0.402077709611452,0.3859918200409,0.531697341513292,"PIK3CA","SAS"
3,0.479517382413088,0.419222903885481,0.603271983640082,"PIK3CA","SAS"
4,0.530838445807771,0.425357873210634,0.630368098159509,"PIK3CA","SAS"
5,0.564368098159509,0.430981595092025,0.660531697341513,"PIK3CA","SAS"
6,0.599668711656442,0.544478527607362,0.674846625766871,"PIK3CA","SAS"
7,0.62000408997955,0.609406952965235,0.683026584867076,"PIK3CA","SAS"
8,0.634707566462168,0.611451942740286,0.70398773006135,"PIK3CA","SAS"
9,0.651231083844581,0.615541922290389,0.715746421267894,"PIK3CA","SAS"
10,0.659721881390593,0.61758691206544,0.723926380368098,"PIK3CA","SAS"
1,0.302626323751891,0.128593040847201,0.441754916792738,"RELA","AFR"
2,0.483906202723147,0.396369137670197,0.635400907715582,"RELA","AFR"
3,0.591918305597579,0.513237518910741,0.672087745839637,"RELA","AFR"
4,0.665134644478064,0.642965204236006,0.721633888048411,"RELA","AFR"
5,0.713210287443268,0.694402420574887,0.75642965204236,"RELA","AFR"
6,0.750175491679274,0.738275340393343,0.776096822995461,"RELA","AFR"
7,0.775025718608169,0.762481089258699,0.794251134644478,"RELA","AFR"
8,0.793146747352496,0.78517397881997,0.809379727685325,"RELA","AFR"
9,0.809379727685325,0.809379727685325,0.809379727685325,"RELA","AFR"
1,0.347706051873199,0.311239193083574,0.403458213256484,"RELA","AMR"
2,0.515608069164265,0.435158501440922,0.585014409221902,"RELA","AMR"
3,0.592409221902017,0.582853025936599,0.639769452449568,"RELA","AMR"
4,0.625590778097983,0.605187319884726,0.654178674351585,"RELA","AMR"
5,0.646351585014409,0.634005763688761,0.665706051873199,"RELA","AMR"
6,0.65935446685879,0.654178674351585,0.671469740634006,"RELA","AMR"
7,0.668703170028819,0.659942363112392,0.680115273775216,"RELA","AMR"
8,0.675452449567723,0.671469740634006,0.680115273775216,"RELA","AMR"
9,0.680115273775216,0.680115273775216,0.680115273775216,"RELA","AMR"
1,0.35272619047619,0.30952380952381,0.452380952380952,"RELA","EAS"
2,0.515880952380952,0.454365079365079,0.613095238095238,"RELA","EAS"
3,0.608083333333333,0.596230158730159,0.658730158730159,"RELA","EAS"
4,0.645611111111111,0.615079365079365,0.686507936507937,"RELA","EAS"
5,0.668051587301587,0.658730158730159,0.686507936507937,"RELA","EAS"
6,0.684345238095238,0.658730158730159,0.716269841269841,"RELA","EAS"
7,0.696218253968254,0.686507936507937,0.716269841269841,"RELA","EAS"
8,0.706615079365079,0.716269841269841,0.716269841269841,"RELA","EAS"
9,0.716269841269841,0.716269841269841,0.716269841269841,"RELA","EAS"
1,0.344166998011928,0.234592445328032,0.459244532803181,"RELA","EUR"
2,0.514679920477137,0.371769383697813,0.608349900596421,"RELA","EUR"
3,0.608453280318091,0.602385685884692,0.681908548707754,"RELA","EUR"
4,0.656087475149105,0.61182902584493,0.727634194831014,"RELA","EUR"
5,0.690715705765408,0.671968190854871,0.72962226640159,"RELA","EUR"
6,0.709093439363817,0.673956262425447,0.74155069582505,"RELA","EUR"
7,0.722222664015905,0.727634194831014,0.743538767395626,"RELA","EUR"
8,0.733996023856859,0.74155069582505,0.743538767395626,"RELA","EUR"
9,0.743538767395626,0.743538767395626,0.743538767395626,"RELA","EUR"
1,0.284204498977505,0.130879345603272,0.460122699386503,"RELA","SAS"
2,0.466773006134969,0.282208588957055,0.570552147239264,"RELA","SAS"
3,0.577856850715746,0.54601226993865,0.646216768916155,"RELA","SAS"
4,0.636139059304703,0.54601226993865,0.744376278118609,"RELA","SAS"
5,0.678163599182004,0.644171779141104,0.744376278118609,"RELA","SAS"
6,0.706094069529652,0.644171779141104,0.766871165644172,"RELA","SAS"
7,0.72959509202454,0.744376278118609,0.766871165644172,"RELA","SAS"
8,0.752040899795501,0.766871165644172,0.766871165644172,"RELA","SAS"
9,0.766871165644172,0.766871165644172,0.766871165644172,"RELA","SAS"
1,0.306453857791225,0.191376701966717,0.435703479576399,"SCN2A","AFR"
2,0.502832072617247,0.427760968229955,0.611195158850227,"SCN2A","AFR"
3,0.634965204236006,0.562783661119516,0.73071104387292,"SCN2A","AFR"
4,0.724953101361573,0.668683812405446,0.800302571860817,"SCN2A","AFR"
5,0.789177004538578,0.747352496217852,0.848714069591528,"SCN2A","AFR"
6,0.831984871406959,0.801815431164902,0.881996974281392,"SCN2A","AFR"
7,0.861800302571861,0.832072617246596,0.906202723146747,"SCN2A","AFR"
8,0.884051437216339,0.859304084720121,0.920196671709531,"SCN2A","AFR"
9,0.901863842662632,0.883131618759455,0.933812405446294,"SCN2A","AFR"
10,0.916118003025719,0.900151285930408,0.94553706505295,"SCN2A","AFR"
1,0.370870317002882,0.276657060518732,0.447406340057637,"SCN2A","AMR"
2,0.584443804034582,0.536023054755043,0.659942363112392,"SCN2A","AMR"
3,0.701804034582133,0.657060518731988,0.763688760806916,"SCN2A","AMR"
4,0.770109510086455,0.737752161383285,0.815561959654179,"SCN2A","AMR"
5,0.813694524495677,0.792507204610951,0.85014409221902,"SCN2A","AMR"
6,0.841256484149856,0.818443804034582,0.870317002881844,"SCN2A","AMR"
7,0.85949855907781,0.844380403458213,0.884726224783862,"SCN2A","AMR"
8,0.87250144092219,0.858789625360231,0.890489913544669,"SCN2A","AMR"
9,0.881239193083573,0.870317002881844,0.896253602305475,"SCN2A","AMR"
10,0.888080691642651,0.878962536023055,0.899135446685879,"SCN2A","AMR"
1,0.358289682539683,0.30952380952381,0.431547619047619,"SCN2A","EAS"
2,0.54784126984127,0.505952380952381,0.617063492063492,"SCN2A","EAS"
3,0.663480158730159,0.617063492063492,0.722222222222222,"SCN2A","EAS"
4,0.73493253968254,0.704365079365079,0.776289682539683,"SCN2A","EAS"
5,0.774599206349206,0.744047619047619,0.812003968253968,"SCN2A","EAS"
6,0.801373015873016,0.773313492063492,0.833829365079365,"SCN2A","EAS"
7,0.821047619047619,0.803571428571429,0.849206349206349,"SCN2A","EAS"
8,0.835464285714286,0.817460317460317,0.859126984126984,"SCN2A","EAS"
9,0.845865079365079,0.829365079365079,0.865079365079365,"SCN2A","EAS"
10,0.854527777777778,0.839285714285714,0.871031746031746,"SCN2A","EAS"
1,0.366703777335984,0.304174950298211,0.421471172962227,"SCN2A","EUR"
2,0.563916500994036,0.512922465208748,0.634194831013916,"SCN2A","EUR"
3,0.684727634194831,0.644135188866799,0.743538767395626,"SCN2A","EUR"
4,0.757196819085487,0.723658051689861,0.805168986083499,"SCN2A","EUR"
5,0.803021868787276,0.777335984095427,0.840954274353877,"SCN2A","EUR"
6,0.835817097415507,0.811133200795229,0.868787276341948,"SCN2A","EUR"
7,0.855272365805169,0.833001988071571,0.882703777335984,"SCN2A","EUR"
8,0.870365805168986,0.852882703777336,0.894632206759443,"SCN2A","EUR"
9,0.881256461232604,0.864811133200795,0.902584493041749,"SCN2A","EUR"
10,0.889940357852883,0.874751491053678,0.910536779324056,"SCN2A","EUR"
1,0.357942740286299,0.294478527607362,0.431492842535787,"SCN2A","SAS"
2,0.549709611451943,0.486707566462168,0.625766871165644,"SCN2A","SAS"
3,0.666425357873211,0.613496932515337,0.725971370143149,"SCN2A","SAS"
4,0.739640081799591,0.699386503067485,0.795501022494888,"SCN2A","SAS"
5,0.785959100204499,0.75,0.830265848670757,"SCN2A","SAS"
6,0.813558282208589,0.785276073619632,0.852760736196319,"SCN2A","SAS"
7,0.836441717791411,0.813394683026585,0.875255623721881,"SCN2A","SAS"
8,0.853811860940695,0.832310838445808,0.885480572597137,"SCN2A","SAS"
9,0.864494887525562,0.842535787321063,0.893660531697341,"SCN2A","SAS"
10,0.873137014314928,0.85480572597137,0.899795501022495,"SCN2A","SAS"
1,0.361234493192133,0.288956127080182,0.464447806354009,"SCN8A","AFR"
2,0.556193645990923,0.5,0.629349470499244,"SCN8A","AFR"
3,0.670157337367625,0.627458396369138,0.732602118003026,"SCN8A","AFR"
4,0.741476550680787,0.715582450832073,0.789712556732224,"SCN8A","AFR"
5,0.789043872919818,0.767019667170953,0.829046898638427,"SCN8A","AFR"
6,0.822090771558245,0.801437216338881,0.853630862329803,"SCN8A","AFR"
7,0.845627836611195,0.827534039334342,0.871406959152799,"SCN8A","AFR"
8,0.862919818456883,0.847201210287443,0.885022692889561,"SCN8A","AFR"
9,0.876456883509834,0.860816944024206,0.895612708018154,"SCN8A","AFR"
10,0.885996974281392,0.872919818456883,0.904689863842663,"SCN8A","AFR"
1,0.220115273775216,0.14985590778098,0.253602305475504,"SCN8A","AMR"
2,0.334276657060519,0.23342939481268,0.423631123919308,"SCN8A","AMR"
3,0.412553314121037,0.311239193083574,0.481268011527378,"SCN8A","AMR"
4,0.458184438040346,0.373198847262248,0.547550432276657,"SCN8A","AMR"
5,0.49707204610951,0.414985590778098,0.585014409221902,"SCN8A","AMR"
6,0.531596541786744,0.438040345821326,0.622478386167147,"SCN8A","AMR"
7,0.56007492795389,0.449567723342939,0.662824207492795,"SCN8A","AMR"
8,0.583025936599424,0.463256484149856,0.694524495677233,"SCN8A","AMR"
9,0.604553314121037,0.486311239193084,0.720461095100865,"SCN8A","AMR"
10,0.620622478386167,0.504322766570605,0.731988472622478,"SCN8A","AMR"
1,0.216099206349206,0.0535714285714286,0.454365079365079,"SCN8A","EAS"
2,0.357805555555556,0.188492063492063,0.523809523809524,"SCN8A","EAS"
3,0.454912698412698,0.265873015873016,0.579365079365079,"SCN8A","EAS"
4,0.521531746031746,0.425099206349206,0.637400793650794,"SCN8A","EAS"
5,0.574896825396825,0.537698412698413,0.720238095238095,"SCN8A","EAS"
6,0.61097619047619,0.577380952380952,0.734126984126984,"SCN8A","EAS"
7,0.643305555555556,0.591269841269841,0.748015873015873,"SCN8A","EAS"
8,0.665559523809524,0.603174603174603,0.751984126984127,"SCN8A","EAS"
9,0.687174603174603,0.61656746031746,0.759920634920635,"SCN8A","EAS"
10,0.704448412698413,0.64484126984127,0.767857142857143,"SCN8A","EAS"
1,0.244341948310139,0.192842942345924,0.27037773359841,"SCN8A","EUR"
2,0.367522862823062,0.282306163021869,0.431908548707753,"SCN8A","EUR"
3,0.442600397614314,0.345924453280318,0.495029821073559,"SCN8A","EUR"
4,0.493459244532803,0.427435387673956,0.548707753479125,"SCN8A","EUR"
5,0.528878727634195,0.453280318091451,0.611332007952286,"SCN8A","EUR"
6,0.560298210735586,0.47713717693837,0.682405566600398,"SCN8A","EUR"
7,0.587041749502982,0.493041749502982,0.717693836978131,"SCN8A","EUR"
8,0.610333996023857,0.504970178926441,0.733598409542744,"SCN8A","EUR"
9,0.626624254473161,0.526341948310139,0.745526838966203,"SCN8A","EUR"
10,0.643427435387674,0.542246520874752,0.757455268389662,"SCN8A","EUR"
1,0.396580777096115,0.384458077709611,0.456032719836401,"SCN8A","SAS"
2,0.563464212678937,0.501022494887526,0.625766871165644,"SCN8A","SAS"
3,0.651791411042945,0.590490797546012,0.70961145194274,"SCN8A","SAS"
4,0.701096114519427,0.657975460122699,0.754601226993865,"SCN8A","SAS"
5,0.732441717791411,0.707566462167689,0.779141104294479,"SCN8A","SAS"
6,0.754719836400818,0.719836400817996,0.798057259713701,"SCN8A","SAS"
7,0.774474437627812,0.736196319018405,0.813905930470348,"SCN8A","SAS"
8,0.788130879345603,0.756646216768916,0.824130879345603,"SCN8A","SAS"
9,0.800359918200409,0.777096114519427,0.832310838445808,"SCN8A","SAS"
10,0.808924335378323,0.788854805725971,0.840490797546012,"SCN8A","SAS"
1,0.436465960665658,0.396369137670197,0.492057488653555,"SPTAN1","AFR"
2,0.603331316187595,0.544629349470499,0.675113464447806,"SPTAN1","AFR"
3,0.689918305597579,0.670196671709531,0.740166414523449,"SPTAN1","AFR"
4,0.740720121028744,0.718608169440242,0.779122541603631,"SPTAN1","AFR"
5,0.777307110438729,0.757564296520424,0.807866868381241,"SPTAN1","AFR"
6,0.801110438729198,0.779122541603631,0.827534039334342,"SPTAN1","AFR"
7,0.816242057488654,0.796898638426626,0.841149773071104,"SPTAN1","AFR"
8,0.828387291981846,0.809379727685325,0.851739788199697,"SPTAN1","AFR"
9,0.838263237518911,0.819969742813918,0.857791225416036,"SPTAN1","AFR"
10,0.84611497730711,0.827534039334342,0.86535552193646,"SPTAN1","AFR"
1,0.313175792507205,0.29971181556196,0.363112391930836,"SPTAN1","AMR"
2,0.376080691642651,0.354466858789625,0.380403458213256,"SPTAN1","AMR"
3,0.404824207492795,0.368876080691643,0.389048991354467,"SPTAN1","AMR"
4,0.423585014409222,0.379682997118156,0.39193083573487,"SPTAN1","AMR"
5,0.440167146974063,0.38328530259366,0.473342939481268,"SPTAN1","AMR"
6,0.456115273775216,0.386167146974063,0.524495677233429,"SPTAN1","AMR"
7,0.466109510086455,0.386167146974063,0.585014409221902,"SPTAN1","AMR"
8,0.474374639769452,0.389048991354467,0.593659942363112,"SPTAN1","AMR"
9,0.487273775216138,0.389048991354467,0.599423631123919,"SPTAN1","AMR"
10,0.498524495677233,0.389048991354467,0.602305475504323,"SPTAN1","AMR"
1,0.438515873015873,0.466269841269841,0.496031746031746,"SPTAN1","EAS"
2,0.517055555555556,0.505952380952381,0.541666666666667,"SPTAN1","EAS"
3,0.547503968253968,0.535714285714286,0.557539682539683,"SPTAN1","EAS"
4,0.561571428571429,0.541666666666667,0.56547619047619,"SPTAN1","EAS"
5,0.571480158730159,0.549603174603175,0.587301587301587,"SPTAN1","EAS"
6,0.579123015873016,0.555555555555556,0.599206349206349,"SPTAN1","EAS"
7,0.586059523809524,0.555555555555556,0.605654761904762,"SPTAN1","EAS"
8,0.592150793650794,0.557539682539683,0.615079365079365,"SPTAN1","EAS"
9,0.597698412698413,0.55952380952381,0.625,"SPTAN1","EAS"
10,0.604257936507936,0.561507936507937,0.638888888888889,"SPTAN1","EAS"
1,0.19937972166998,0.202783300198807,0.20675944333996,"SPTAN1","EUR"
2,0.243248508946322,0.204771371769384,0.208747514910537,"SPTAN1","EUR"
3,0.261530815109344,0.20675944333996,0.21272365805169,"SPTAN1","EUR"
4,0.282648111332008,0.20675944333996,0.218687872763419,"SPTAN1","EUR"
5,0.297570576540755,0.208747514910537,0.335984095427435,"SPTAN1","EUR"
6,0.316870775347913,0.208747514910537,0.473161033797217,"SPTAN1","EUR"
7,0.337598409542744,0.208747514910537,0.524850894632207,"SPTAN1","EUR"
8,0.355534791252485,0.210735586481113,0.529821073558648,"SPTAN1","EUR"
9,0.374429423459245,0.210735586481113,0.538767395626243,"SPTAN1","EUR"
10,0.392003976143141,0.21272365805169,0.54324055666004,"SPTAN1","EUR"
1,0.304834355828221,0.304703476482618,0.349693251533742,"SPTAN1","SAS"
2,0.374728016359918,0.351738241308793,0.366053169734151,"SPTAN1","SAS"
3,0.400453987730061,0.361963190184049,0.380368098159509,"SPTAN1","SAS"
4,0.417550102249489,0.3640081799591,0.470347648261759,"SPTAN1","SAS"
5,0.433971370143149,0.366053169734151,0.482617586912065,"SPTAN1","SAS"
6,0.446057259713701,0.369631901840491,0.486707566462168,"SPTAN1","SAS"
7,0.46078527607362,0.372188139059305,0.494887525562372,"SPTAN1","SAS"
8,0.472294478527607,0.376278118609407,0.522494887525562,"SPTAN1","SAS"
9,0.487942740286299,0.378323108384458,0.597137014314928,"SPTAN1","SAS"
10,0.496883435582822,0.380368098159509,0.59918200408998,"SPTAN1","SAS"
1,0.331791225416036,0.204236006051437,0.446293494704992,"SPTLC1","AFR"
2,0.493307110438729,0.449319213313162,0.582450832072617,"SPTLC1","AFR"
3,0.582408472012103,0.53517397881997,0.655068078668684,"SPTLC1","AFR"
4,0.638850226928896,0.591149773071104,0.697428139183056,"SPTLC1","AFR"
5,0.679591527987897,0.635400907715582,0.733736762481089,"SPTLC1","AFR"
6,0.705164901664145,0.671709531013616,0.753403933434191,"SPTLC1","AFR"
7,0.727476550680787,0.690998487140696,0.768910741301059,"SPTLC1","AFR"
8,0.743921331316188,0.714069591527988,0.7821482602118,"SPTLC1","AFR"
9,0.757122541603631,0.72768532526475,0.791225416036309,"SPTLC1","AFR"
10,0.770172465960666,0.747352496217852,0.800302571860817,"SPTLC1","AFR"
1,0.226904899135447,0.0749279538904899,0.354466858789625,"SPTLC1","AMR"
2,0.377025936599424,0.246397694524496,0.493515850144092,"SPTLC1","AMR"
3,0.465175792507205,0.394092219020173,0.60014409221902,"SPTLC1","AMR"
4,0.53192507204611,0.446685878962536,0.654178674351585,"SPTLC1","AMR"
5,0.575308357348703,0.487031700288184,0.677233429394813,"SPTLC1","AMR"
6,0.615383285302594,0.521613832853026,0.69164265129683,"SPTLC1","AMR"
7,0.63657060518732,0.602305475504323,0.70028818443804,"SPTLC1","AMR"
8,0.655544668587896,0.657060518731988,0.703170028818444,"SPTLC1","AMR"
9,0.670824207492795,0.671469740634006,0.706051873198847,"SPTLC1","AMR"
10,0.681959654178674,0.682276657060519,0.711815561959654,"SPTLC1","AMR"
1,0.233126984126984,0.0734126984126984,0.388888888888889,"SPTLC1","EAS"
2,0.367087301587302,0.204365079365079,0.529761904761905,"SPTLC1","EAS"
3,0.452849206349206,0.446428571428571,0.563988095238095,"SPTLC1","EAS"
4,0.508626984126984,0.448412698412698,0.619543650793651,"SPTLC1","EAS"
5,0.552980158730159,0.53968253968254,0.628968253968254,"SPTLC1","EAS"
6,0.576515873015873,0.541666666666667,0.630952380952381,"SPTLC1","EAS"
7,0.594496031746032,0.547619047619048,0.630952380952381,"SPTLC1","EAS"
8,0.610126984126984,0.576884920634921,0.634920634920635,"SPTLC1","EAS"
9,0.620861111111111,0.598214285714286,0.635416666666667,"SPTLC1","EAS"
10,0.629246031746032,0.625,0.638888888888889,"SPTLC1","EAS"
1,0.15451689860835,0.0596421471172962,0.248508946322068,"SPTLC1","EUR"
2,0.2679324055666,0.115308151093439,0.43389662027833,"SPTLC1","EUR"
3,0.333626242544732,0.214711729622266,0.479125248508946,"SPTLC1","EUR"
4,0.391467196819085,0.26441351888668,0.518886679920477,"SPTLC1","EUR"
5,0.434453280318091,0.296222664015905,0.526838966202783,"SPTLC1","EUR"
6,0.463180914512922,0.428926441351889,0.530815109343936,"SPTLC1","EUR"
7,0.485204771371769,0.479125248508946,0.534791252485089,"SPTLC1","EUR"
8,0.502421471172962,0.504473161033797,0.538767395626243,"SPTLC1","EUR"
9,0.516508946322068,0.518886679920477,0.540755467196819,"SPTLC1","EUR"
10,0.528421471172962,0.524850894632207,0.542743538767396,"SPTLC1","EUR"
1,0.227959100204499,0.139059304703476,0.325153374233129,"SPTLC1","SAS"
2,0.356216768916155,0.232617586912065,0.507157464212679,"SPTLC1","SAS"
3,0.432474437627812,0.267893660531697,0.57719836400818,"SPTLC1","SAS"
4,0.493680981595092,0.425357873210634,0.611451942740286,"SPTLC1","SAS"
5,0.537378323108384,0.431492842535787,0.642126789366053,"SPTLC1","SAS"
6,0.566212678936605,0.519427402862986,0.646216768916155,"SPTLC1","SAS"
7,0.588106339468303,0.565950920245399,0.648261758691207,"SPTLC1","SAS"
8,0.605877300613497,0.609406952965235,0.650306748466258,"SPTLC1","SAS"
9,0.619721881390593,0.615541922290389,0.650306748466258,"SPTLC1","SAS"
10,0.631366053169734,0.643660531697341,0.652351738241309,"SPTLC1","SAS"
1,0.31289258698941,0.228441754916793,0.443267776096823,"STAT1","AFR"
2,0.507464447806354,0.42624810892587,0.600605143721634,"STAT1","AFR"
3,0.642886535552194,0.586989409984871,0.732223903177005,"STAT1","AFR"
4,0.728789712556732,0.67624810892587,0.803706505295008,"STAT1","AFR"
5,0.789267776096823,0.750378214826021,0.852118003025719,"STAT1","AFR"
6,0.833046898638427,0.801437216338881,0.880484114977307,"STAT1","AFR"
7,0.864490166414523,0.83963691376702,0.899016641452345,"STAT1","AFR"
8,0.886862329803328,0.86535552193646,0.917170953101362,"STAT1","AFR"
9,0.903664145234493,0.886157337367625,0.931921331316188,"STAT1","AFR"
10,0.916901664145234,0.901664145234493,0.939485627836611,"STAT1","AFR"
1,0.347953890489914,0.239193083573487,0.447406340057637,"STAT1","AMR"
2,0.548063400576369,0.49207492795389,0.628242074927954,"STAT1","AMR"
3,0.664593659942363,0.613832853025937,0.726224783861671,"STAT1","AMR"
4,0.734420749279539,0.70028818443804,0.778097982708934,"STAT1","AMR"
5,0.776530259365994,0.743515850144092,0.819164265129683,"STAT1","AMR"
6,0.805095100864553,0.778097982708934,0.838616714697406,"STAT1","AMR"
7,0.826391930835735,0.806916426512968,0.855907780979827,"STAT1","AMR"
8,0.840605187319885,0.824207492795389,0.864553314121037,"STAT1","AMR"
9,0.849896253602305,0.837896253602305,0.873198847262248,"STAT1","AMR"
10,0.857677233429395,0.846541786743516,0.876080691642651,"STAT1","AMR"
1,0.344686507936508,0.265873015873016,0.446428571428571,"STAT1","EAS"
2,0.534730158730159,0.48015873015873,0.613095238095238,"STAT1","EAS"
3,0.642666666666667,0.578869047619048,0.706845238095238,"STAT1","EAS"
4,0.714571428571429,0.68452380952381,0.76984126984127,"STAT1","EAS"
5,0.758789682539682,0.724206349206349,0.801587301587302,"STAT1","EAS"
6,0.789154761904762,0.763392857142857,0.823412698412698,"STAT1","EAS"
7,0.810099206349206,0.787202380952381,0.841269841269841,"STAT1","EAS"
8,0.824190476190476,0.801587301587302,0.851190476190476,"STAT1","EAS"
9,0.836920634920635,0.817460317460317,0.861111111111111,"STAT1","EAS"
10,0.846031746031746,0.827380952380952,0.867063492063492,"STAT1","EAS"
1,0.331200795228628,0.139165009940358,0.479125248508946,"STAT1","EUR"
2,0.50893041749503,0.457256461232604,0.602385685884692,"STAT1","EUR"
3,0.611514910536779,0.57455268389662,0.686381709741551,"STAT1","EUR"
4,0.675204771371769,0.634194831013916,0.733598409542744,"STAT1","EUR"
5,0.713001988071571,0.681411530815109,0.767395626242545,"STAT1","EUR"
6,0.736946322067594,0.705765407554672,0.785288270377734,"STAT1","EUR"
7,0.755880715705765,0.733101391650099,0.799204771371769,"STAT1","EUR"
8,0.770675944333996,0.743538767395626,0.807157057654076,"STAT1","EUR"
9,0.781351888667992,0.753479125248509,0.811133200795229,"STAT1","EUR"
10,0.789479125248509,0.767395626242545,0.815109343936382,"STAT1","EUR"
1,0.330928425357873,0.243353783231084,0.449897750511247,"STAT1","SAS"
2,0.523092024539877,0.449386503067485,0.603271983640082,"STAT1","SAS"
3,0.629979550102249,0.578732106339468,0.701431492842536,"STAT1","SAS"
4,0.700752556237219,0.666666666666667,0.754601226993865,"STAT1","SAS"
5,0.747901840490798,0.715746421267894,0.791411042944785,"STAT1","SAS"
6,0.774846625766871,0.752556237218814,0.813905930470348,"STAT1","SAS"
7,0.796155419222904,0.773006134969325,0.832310838445808,"STAT1","SAS"
8,0.812302658486708,0.791411042944785,0.842535787321063,"STAT1","SAS"
9,0.825480572597137,0.805725971370143,0.850715746421268,"STAT1","SAS"
10,0.835464212678937,0.815950920245399,0.856850715746421,"STAT1","SAS"
1,0.410326777609682,0.369137670196672,0.48411497730711,"STAT3","AFR"
2,0.580127080181543,0.510968229954614,0.641830559757943,"STAT3","AFR"
3,0.673673222390318,0.61535552193646,0.745839636913767,"STAT3","AFR"
4,0.735080181543116,0.674735249621785,0.802193645990923,"STAT3","AFR"
5,0.779267776096823,0.726172465960666,0.847201210287443,"STAT3","AFR"
6,0.80728895612708,0.766641452344932,0.864220877458396,"STAT3","AFR"
7,0.828626323751891,0.792738275340393,0.879349470499244,"STAT3","AFR"
8,0.849806354009077,0.815431164901664,0.892586989409985,"STAT3","AFR"
9,0.865134644478064,0.835098335854766,0.904689863842663,"STAT3","AFR"
10,0.878472012102874,0.857791225416036,0.913767019667171,"STAT3","AFR"
1,0.271959654178674,0.190201729106628,0.337175792507205,"STAT3","AMR"
2,0.361971181556196,0.328530259365994,0.394812680115274,"STAT3","AMR"
3,0.402795389048991,0.37463976945245,0.420749279538905,"STAT3","AMR"
4,0.42907204610951,0.397694524495677,0.438040345821326,"STAT3","AMR"
5,0.448207492795389,0.406340057636888,0.449567723342939,"STAT3","AMR"
6,0.463913544668588,0.423631123919308,0.461095100864553,"STAT3","AMR"
7,0.476242074927954,0.432276657060519,0.46685878962536,"STAT3","AMR"
8,0.487170028818444,0.440922190201729,0.475504322766571,"STAT3","AMR"
9,0.497469740634006,0.443804034582133,0.481268011527378,"STAT3","AMR"
10,0.505342939481268,0.449567723342939,0.487752161383285,"STAT3","AMR"
1,0.452940476190476,0.482142857142857,0.490079365079365,"STAT3","EAS"
2,0.529468253968254,0.490079365079365,0.581349206349206,"STAT3","EAS"
3,0.55868253968254,0.503968253968254,0.595238095238095,"STAT3","EAS"
4,0.574027777777778,0.507936507936508,0.599206349206349,"STAT3","EAS"
5,0.585134920634921,0.577380952380952,0.601190476190476,"STAT3","EAS"
6,0.593436507936508,0.593253968253968,0.603174603174603,"STAT3","EAS"
7,0.602126984126984,0.595238095238095,0.60515873015873,"STAT3","EAS"
8,0.608670634920635,0.597222222222222,0.607142857142857,"STAT3","EAS"
9,0.61465873015873,0.597222222222222,0.611111111111111,"STAT3","EAS"
10,0.621396825396825,0.599206349206349,0.625,"STAT3","EAS"
1,0.366823061630219,0.304174950298211,0.429423459244533,"STAT3","EUR"
2,0.461944333996024,0.428926441351889,0.503976143141153,"STAT3","EUR"
3,0.511745526838966,0.475149105367793,0.54324055666004,"STAT3","EUR"
4,0.541188866799205,0.485089463220676,0.560636182902585,"STAT3","EUR"
5,0.564624254473161,0.530815109343936,0.600397614314115,"STAT3","EUR"
6,0.581228628230616,0.544731610337972,0.608349900596421,"STAT3","EUR"
7,0.594576540755467,0.548707753479125,0.610337972166998,"STAT3","EUR"
8,0.60668787276342,0.550695825049702,0.618290258449304,"STAT3","EUR"
9,0.618397614314115,0.556660039761431,0.62624254473161,"STAT3","EUR"
10,0.628846918489066,0.562624254473161,0.640159045725646,"STAT3","EUR"
1,0.417946830265849,0.429447852760736,0.451942740286299,"STAT3","SAS"
2,0.518335378323108,0.463701431492843,0.548057259713701,"STAT3","SAS"
3,0.565914110429448,0.535787321063395,0.609406952965235,"STAT3","SAS"
4,0.597546012269939,0.553680981595092,0.623721881390593,"STAT3","SAS"
5,0.617963190184049,0.594069529652352,0.638036809815951,"STAT3","SAS"
6,0.635255623721881,0.615541922290389,0.650306748466258,"STAT3","SAS"
7,0.646952965235174,0.623721881390593,0.658486707566462,"STAT3","SAS"
8,0.657533742331288,0.629856850715746,0.674846625766871,"STAT3","SAS"
9,0.666323108384458,0.6359918200409,0.68558282208589,"STAT3","SAS"
10,0.671877300613497,0.638036809815951,0.69120654396728,"STAT3","SAS"
