"k","frac_covered","gene","n_snps_avail"
1,0.496252342286071,"ABCC8",210
2,0.734540911930044,"ABCC8",210
3,0.841661461586508,"ABCC8",210
4,0.898188632104934,"ABCC8",210
5,0.931292941911305,"ABCC8",210
6,0.955340412242349,"ABCC8",210
7,0.967207995003123,"ABCC8",210
8,0.972517176764522,"ABCC8",210
9,0.975640224859463,"ABCC8",210
10,0.978450968144909,"ABCC8",210
11,0.98001249219238,"ABCC8",210
12,0.981261711430356,"ABCC8",210
13,0.982510930668332,"ABCC8",210
14,0.983447845096814,"ABCC8",210
15,0.984072454715803,"ABCC8",210
16,0.984697064334791,"ABCC8",210
17,0.985321673953779,"ABCC8",210
18,0.985633978763273,"ABCC8",210
19,0.985946283572767,"ABCC8",210
20,0.986258588382261,"ABCC8",210
21,0.986570893191755,"ABCC8",210
22,0.986883198001249,"ABCC8",210
23,0.987195502810743,"ABCC8",210
24,0.987195502810743,"ABCC8",210
1,0.480637101811368,"AKT1",44
2,0.69893816364772,"AKT1",44
3,0.809181761399126,"AKT1",44
4,0.861024359775141,"AKT1",44
5,0.888819487820112,"AKT1",44
6,0.905371642723298,"AKT1",44
7,0.915365396627108,"AKT1",44
8,0.922548407245472,"AKT1",44
9,0.928169893816365,"AKT1",44
10,0.931917551530294,"AKT1",44
11,0.93472829481574,"AKT1",44
12,0.937226733291693,"AKT1",44
13,0.939725171767645,"AKT1",44
14,0.941286695815116,"AKT1",44
15,0.942535915053092,"AKT1",44
16,0.943472829481574,"AKT1",44
17,0.944097439100562,"AKT1",44
18,0.94472204871955,"AKT1",44
19,0.945346658338538,"AKT1",44
20,0.945971267957527,"AKT1",44
21,0.946283572767021,"AKT1",44
22,0.946595877576515,"AKT1",44
23,0.946908182386009,"AKT1",44
24,0.947220487195503,"AKT1",44
25,0.947532792004997,"AKT1",44
26,0.947532792004997,"AKT1",44
1,0.484384759525297,"CARD11",391
2,0.729856339787633,"CARD11",391
3,0.857276702061212,"CARD11",391
4,0.922860712054966,"CARD11",391
5,0.955652717051843,"CARD11",391
6,0.972829481574016,"CARD11",391
7,0.982510930668332,"CARD11",391
8,0.988132417239226,"CARD11",391
9,0.991255465334166,"CARD11",391
10,0.992816989381636,"CARD11",391
11,0.993441599000625,"CARD11",391
12,0.993753903810119,"CARD11",391
13,0.994066208619613,"CARD11",391
14,0.994378513429107,"CARD11",391
15,0.994690818238601,"CARD11",391
16,0.994690818238601,"CARD11",391
1,0.487507807620237,"COL1A1",29
2,0.68738288569644,"COL1A1",29
3,0.805121798875703,"COL1A1",29
4,0.850405996252342,"COL1A1",29
5,0.873828856964397,"COL1A1",29
6,0.891630231105559,"COL1A1",29
7,0.902248594628357,"COL1A1",29
8,0.910993129294191,"COL1A1",29
9,0.915677701436602,"COL1A1",29
10,0.919425359150531,"COL1A1",29
11,0.922236102435978,"COL1A1",29
12,0.924422236102436,"COL1A1",29
13,0.925983760149906,"COL1A1",29
14,0.927232979387883,"COL1A1",29
15,0.927857589006871,"COL1A1",29
16,0.928482198625859,"COL1A1",29
17,0.928794503435353,"COL1A1",29
18,0.929106808244847,"COL1A1",29
19,0.929419113054341,"COL1A1",29
20,0.929419113054341,"COL1A1",29
1,0.487507807620237,"COL1A2",74
2,0.687695190505934,"COL1A2",74
3,0.788257339163023,"COL1A2",74
4,0.844472204871955,"COL1A2",74
5,0.86945658963148,"COL1A2",74
6,0.888819487820112,"COL1A2",74
7,0.899125546533417,"COL1A2",74
8,0.907557776389756,"COL1A2",74
9,0.911930043722673,"COL1A2",74
10,0.915053091817614,"COL1A2",74
11,0.917551530293567,"COL1A2",74
12,0.919425359150531,"COL1A2",74
13,0.920674578388507,"COL1A2",74
14,0.921923797626483,"COL1A2",74
15,0.922860712054966,"COL1A2",74
16,0.923797626483448,"COL1A2",74
17,0.924422236102436,"COL1A2",74
18,0.92473454091193,"COL1A2",74
19,0.925046845721424,"COL1A2",74
20,0.925359150530918,"COL1A2",74
21,0.925359150530918,"COL1A2",74
1,0.509369144284822,"COL2A1",83
2,0.726108682073704,"COL2A1",83
3,0.787632729544035,"COL2A1",83
4,0.824797001873829,"COL2A1",83
5,0.850405996252342,"COL2A1",83
6,0.866958151155528,"COL2A1",83
7,0.879138038725796,"COL2A1",83
8,0.885384134915678,"COL2A1",83
9,0.891005621486571,"COL2A1",83
10,0.895065584009994,"COL2A1",83
11,0.898813241723923,"COL2A1",83
12,0.901623985009369,"COL2A1",83
13,0.903497813866334,"COL2A1",83
14,0.905371642723298,"COL2A1",83
15,0.90630855715178,"COL2A1",83
16,0.907245471580262,"COL2A1",83
17,0.908182386008745,"COL2A1",83
18,0.909119300437227,"COL2A1",83
19,0.909743910056215,"COL2A1",83
20,0.910368519675203,"COL2A1",83
21,0.910680824484697,"COL2A1",83
22,0.910993129294191,"COL2A1",83
23,0.911305434103685,"COL2A1",83
24,0.911617738913179,"COL2A1",83
25,0.911930043722673,"COL2A1",83
26,0.912242348532167,"COL2A1",83
27,0.912554653341661,"COL2A1",83
28,0.912866958151155,"COL2A1",83
29,0.912866958151155,"COL2A1",83
1,0.466583385384135,"KCNJ11",52
2,0.615865084322299,"KCNJ11",52
3,0.682386008744535,"KCNJ11",52
4,0.704559650218613,"KCNJ11",52
5,0.717988757026858,"KCNJ11",52
6,0.727670206121174,"KCNJ11",52
7,0.73735165521549,"KCNJ11",52
8,0.741723922548407,"KCNJ11",52
9,0.744534665833854,"KCNJ11",52
10,0.747033104309806,"KCNJ11",52
11,0.749531542785759,"KCNJ11",52
12,0.750780762023735,"KCNJ11",52
13,0.752029981261711,"KCNJ11",52
14,0.753279200499688,"KCNJ11",52
15,0.753903810118676,"KCNJ11",52
16,0.75421611492817,"KCNJ11",52
17,0.754528419737664,"KCNJ11",52
18,0.754840724547158,"KCNJ11",52
19,0.755153029356652,"KCNJ11",52
20,0.755153029356652,"KCNJ11",52
1,0.495003123048095,"KCNQ2",205
2,0.69050593379138,"KCNQ2",205
3,0.788881948782011,"KCNQ2",205
4,0.845409119300437,"KCNQ2",205
5,0.876014990630856,"KCNQ2",205
6,0.895065584009994,"KCNQ2",205
7,0.908494690818239,"KCNQ2",205
8,0.917239225484072,"KCNQ2",205
9,0.923797626483448,"KCNQ2",205
10,0.929419113054341,"KCNQ2",205
11,0.934415990006246,"KCNQ2",205
12,0.938788257339163,"KCNQ2",205
13,0.941286695815116,"KCNQ2",205
14,0.94316052467208,"KCNQ2",205
15,0.945034353529044,"KCNQ2",205
16,0.946595877576515,"KCNQ2",205
17,0.947845096814491,"KCNQ2",205
18,0.949094316052467,"KCNQ2",205
19,0.950343535290443,"KCNQ2",205
20,0.951280449718926,"KCNQ2",205
21,0.952217364147408,"KCNQ2",205
22,0.95315427857589,"KCNQ2",205
23,0.953778888194878,"KCNQ2",205
24,0.954403497813866,"KCNQ2",205
25,0.955028107432854,"KCNQ2",205
26,0.955652717051843,"KCNQ2",205
27,0.956277326670831,"KCNQ2",205
28,0.956589631480325,"KCNQ2",205
29,0.956901936289819,"KCNQ2",205
30,0.957214241099313,"KCNQ2",205
31,0.957526545908807,"KCNQ2",205
32,0.957838850718301,"KCNQ2",205
33,0.958151155527795,"KCNQ2",205
34,0.958463460337289,"KCNQ2",205
35,0.958775765146783,"KCNQ2",205
36,0.959088069956277,"KCNQ2",205
37,0.959400374765771,"KCNQ2",205
38,0.959712679575265,"KCNQ2",205
39,0.960024984384759,"KCNQ2",205
40,0.960337289194254,"KCNQ2",205
41,0.960649594003748,"KCNQ2",205
42,0.960961898813242,"KCNQ2",205
43,0.961274203622736,"KCNQ2",205
44,0.96158650843223,"KCNQ2",205
45,0.961898813241724,"KCNQ2",205
46,0.961898813241724,"KCNQ2",205
1,0.500936914428482,"KIF1A",197
2,0.716427232979388,"KIF1A",197
3,0.826046221111805,"KIF1A",197
4,0.892254840724547,"KIF1A",197
5,0.924422236102436,"KIF1A",197
6,0.943785134291068,"KIF1A",197
7,0.957526545908807,"KIF1A",197
8,0.965958775765147,"KIF1A",197
9,0.972204871955028,"KIF1A",197
10,0.975640224859463,"KIF1A",197
11,0.979075577763898,"KIF1A",197
12,0.981886321049344,"KIF1A",197
13,0.984072454715803,"KIF1A",197
14,0.985321673953779,"KIF1A",197
15,0.986570893191755,"KIF1A",197
16,0.987820112429731,"KIF1A",197
17,0.988757026858214,"KIF1A",197
18,0.989381636477202,"KIF1A",197
19,0.99000624609619,"KIF1A",197
20,0.990318550905684,"KIF1A",197
21,0.990630855715178,"KIF1A",197
22,0.990943160524672,"KIF1A",197
23,0.991255465334166,"KIF1A",197
24,0.99156777014366,"KIF1A",197
25,0.991880074953154,"KIF1A",197
26,0.991880074953154,"KIF1A",197
1,0.477826358525921,"KIF5B",51
2,0.605559025608994,"KIF5B",51
3,0.70893191755153,"KIF5B",51
4,0.732354778263585,"KIF5B",51
5,0.742348532167395,"KIF5B",51
6,0.751717676452217,"KIF5B",51
7,0.760462211118051,"KIF5B",51
8,0.766083697688944,"KIF5B",51
9,0.770455965021861,"KIF5B",51
10,0.77420362273579,"KIF5B",51
11,0.775140537164272,"KIF5B",51
12,0.776077451592755,"KIF5B",51
13,0.776702061211743,"KIF5B",51
14,0.777014366021237,"KIF5B",51
15,0.777326670830731,"KIF5B",51
16,0.777326670830731,"KIF5B",51
1,0.396939412866958,"MTOR",159
2,0.571830106183635,"MTOR",159
3,0.683322923173017,"MTOR",159
4,0.737976264834478,"MTOR",159
5,0.767957526545909,"MTOR",159
6,0.7841973766396,"MTOR",159
7,0.796689569019363,"MTOR",159
8,0.804809494066209,"MTOR",159
9,0.812929419113054,"MTOR",159
10,0.820112429731418,"MTOR",159
11,0.826670830730793,"MTOR",159
12,0.831980012492192,"MTOR",159
13,0.836352279825109,"MTOR",159
14,0.840099937539038,"MTOR",159
15,0.843222985633979,"MTOR",159
16,0.845721424109931,"MTOR",159
17,0.84790755777639,"MTOR",159
18,0.84946908182386,"MTOR",159
19,0.850718301061836,"MTOR",159
20,0.851655215490319,"MTOR",159
21,0.852592129918801,"MTOR",159
22,0.853529044347283,"MTOR",159
23,0.854465958775765,"MTOR",159
24,0.855402873204247,"MTOR",159
25,0.85633978763273,"MTOR",159
26,0.856964397251718,"MTOR",159
27,0.857589006870706,"MTOR",159
28,0.8579013116802,"MTOR",159
29,0.858213616489694,"MTOR",159
30,0.858525921299188,"MTOR",159
31,0.858838226108682,"MTOR",159
32,0.859150530918176,"MTOR",159
33,0.85946283572767,"MTOR",159
34,0.859775140537164,"MTOR",159
35,0.860087445346658,"MTOR",159
36,0.860399750156152,"MTOR",159
37,0.860399750156152,"MTOR",159
1,0.503123048094941,"NLRP3",304
2,0.748594628357277,"NLRP3",304
3,0.871018113678951,"NLRP3",304
4,0.929106808244847,"NLRP3",304
5,0.959088069956277,"NLRP3",304
6,0.973454091193004,"NLRP3",304
7,0.981261711430356,"NLRP3",304
8,0.985633978763273,"NLRP3",304
9,0.988757026858214,"NLRP3",304
10,0.991255465334166,"NLRP3",304
11,0.99312929419113,"NLRP3",304
12,0.994066208619613,"NLRP3",304
13,0.994690818238601,"NLRP3",304
14,0.995003123048095,"NLRP3",304
15,0.995315427857589,"NLRP3",304
16,0.995315427857589,"NLRP3",304
1,0.411305434103685,"PIK3CA",100
2,0.564022485946284,"PIK3CA",100
3,0.614615865084322,"PIK3CA",100
4,0.660212367270456,"PIK3CA",100
5,0.696127420362274,"PIK3CA",100
6,0.707995003123048,"PIK3CA",100
7,0.719550281074329,"PIK3CA",100
8,0.72735790131168,"PIK3CA",100
9,0.732979387882573,"PIK3CA",100
10,0.736727045596502,"PIK3CA",100
11,0.740162398500937,"PIK3CA",100
12,0.742660836976889,"PIK3CA",100
13,0.743597751405372,"PIK3CA",100
14,0.74422236102436,"PIK3CA",100
15,0.744846970643348,"PIK3CA",100
16,0.745471580262336,"PIK3CA",100
17,0.74578388507183,"PIK3CA",100
18,0.746096189881324,"PIK3CA",100
19,0.746408494690818,"PIK3CA",100
20,0.746720799500312,"PIK3CA",100
21,0.747033104309806,"PIK3CA",100
22,0.7473454091193,"PIK3CA",100
23,0.7473454091193,"PIK3CA",100
1,0.48001249219238,"RELA",9
2,0.61211742660837,"RELA",9
3,0.686445971267957,"RELA",9
4,0.717988757026858,"RELA",9
5,0.737663960024984,"RELA",9
6,0.747033104309806,"RELA",9
7,0.7473454091193,"RELA",9
8,0.7473454091193,"RELA",9
1,0.507183010618364,"SCN2A",366
2,0.741723922548407,"SCN2A",366
3,0.8579013116802,"SCN2A",366
4,0.909431605246721,"SCN2A",366
5,0.937851342910681,"SCN2A",366
6,0.950031230480949,"SCN2A",366
7,0.957214241099313,"SCN2A",366
8,0.96158650843223,"SCN2A",366
9,0.96470955652717,"SCN2A",366
10,0.966895690193629,"SCN2A",366
11,0.968769519050593,"SCN2A",366
12,0.970331043098064,"SCN2A",366
13,0.97158026233604,"SCN2A",366
14,0.972204871955028,"SCN2A",366
15,0.972829481574016,"SCN2A",366
16,0.973454091193004,"SCN2A",366
17,0.973766396002498,"SCN2A",366
18,0.974078700811993,"SCN2A",366
19,0.974391005621487,"SCN2A",366
20,0.974703310430981,"SCN2A",366
21,0.975015615240475,"SCN2A",366
22,0.975327920049969,"SCN2A",366
23,0.975640224859463,"SCN2A",366
24,0.975952529668957,"SCN2A",366
25,0.976264834478451,"SCN2A",366
26,0.976577139287945,"SCN2A",366
27,0.976889444097439,"SCN2A",366
28,0.976889444097439,"SCN2A",366
1,0.429419113054341,"SCN8A",229
2,0.648344784509681,"SCN8A",229
3,0.765146783260462,"SCN8A",229
4,0.841349156777014,"SCN8A",229
5,0.887570268582136,"SCN8A",229
6,0.910680824484697,"SCN8A",229
7,0.921611492816989,"SCN8A",229
8,0.932229856339788,"SCN8A",229
9,0.93628981886321,"SCN8A",229
10,0.939725171767645,"SCN8A",229
11,0.942848219862586,"SCN8A",229
12,0.94472204871955,"SCN8A",229
13,0.946283572767021,"SCN8A",229
14,0.947845096814491,"SCN8A",229
15,0.949094316052467,"SCN8A",229
16,0.950031230480949,"SCN8A",229
17,0.950968144909432,"SCN8A",229
18,0.951905059337914,"SCN8A",229
19,0.952841973766396,"SCN8A",229
20,0.953466583385384,"SCN8A",229
21,0.954091193004372,"SCN8A",229
22,0.954403497813866,"SCN8A",229
23,0.95471580262336,"SCN8A",229
24,0.955028107432854,"SCN8A",229
25,0.955340412242349,"SCN8A",229
26,0.955652717051843,"SCN8A",229
27,0.955965021861337,"SCN8A",229
28,0.956277326670831,"SCN8A",229
29,0.956589631480325,"SCN8A",229
30,0.956901936289819,"SCN8A",229
31,0.957214241099313,"SCN8A",229
32,0.957526545908807,"SCN8A",229
33,0.957838850718301,"SCN8A",229
34,0.957838850718301,"SCN8A",229
1,0.422860712054966,"SPTAN1",73
2,0.590256089943785,"SPTAN1",73
3,0.689256714553404,"SPTAN1",73
4,0.746408494690818,"SPTAN1",73
5,0.780762023735166,"SPTAN1",73
6,0.810118675827608,"SPTAN1",73
7,0.833229231730169,"SPTAN1",73
8,0.841349156777014,"SPTAN1",73
9,0.849156777014366,"SPTAN1",73
10,0.853216739537789,"SPTAN1",73
11,0.855715178013741,"SPTAN1",73
12,0.857276702061212,"SPTAN1",73
13,0.858838226108682,"SPTAN1",73
14,0.860087445346658,"SPTAN1",73
15,0.861336664584635,"SPTAN1",73
16,0.862273579013117,"SPTAN1",73
17,0.863210493441599,"SPTAN1",73
18,0.863835103060587,"SPTAN1",73
19,0.864459712679575,"SPTAN1",73
20,0.864772017489069,"SPTAN1",73
21,0.865084322298563,"SPTAN1",73
22,0.865396627108057,"SPTAN1",73
23,0.865708931917551,"SPTAN1",73
24,0.866021236727046,"SPTAN1",73
25,0.866021236727046,"SPTAN1",73
1,0.433479075577764,"SPTLC1",254
2,0.599312929419113,"SPTLC1",254
3,0.688632104934416,"SPTLC1",254
4,0.751093066833229,"SPTLC1",254
5,0.795128044971893,"SPTLC1",254
6,0.80949406620862,"SPTLC1",254
7,0.822298563397876,"SPTLC1",254
8,0.832292317301686,"SPTLC1",254
9,0.836664584634603,"SPTLC1",254
10,0.84103685196752,"SPTLC1",254
11,0.844784509681449,"SPTLC1",254
12,0.846970643347908,"SPTLC1",254
13,0.848844472204872,"SPTLC1",254
14,0.850405996252342,"SPTLC1",254
15,0.851655215490319,"SPTLC1",254
16,0.852592129918801,"SPTLC1",254
17,0.853529044347283,"SPTLC1",254
18,0.854465958775765,"SPTLC1",254
19,0.855090568394753,"SPTLC1",254
20,0.855715178013741,"SPTLC1",254
21,0.85633978763273,"SPTLC1",254
22,0.856964397251718,"SPTLC1",254
23,0.857589006870706,"SPTLC1",254
24,0.8579013116802,"SPTLC1",254
25,0.858213616489694,"SPTLC1",254
26,0.858525921299188,"SPTLC1",254
27,0.858838226108682,"SPTLC1",254
28,0.859150530918176,"SPTLC1",254
29,0.85946283572767,"SPTLC1",254
30,0.859775140537164,"SPTLC1",254
31,0.860087445346658,"SPTLC1",254
32,0.860399750156152,"SPTLC1",254
33,0.860712054965647,"SPTLC1",254
34,0.861024359775141,"SPTLC1",254
35,0.861336664584635,"SPTLC1",254
36,0.861648969394129,"SPTLC1",254
37,0.861648969394129,"SPTLC1",254
1,0.485321673953779,"STAT1",135
2,0.704247345409119,"STAT1",135
3,0.810430980637102,"STAT1",135
4,0.860399750156152,"STAT1",135
5,0.886008744534666,"STAT1",135
6,0.902248594628357,"STAT1",135
7,0.910680824484697,"STAT1",135
8,0.91474078700812,"STAT1",135
9,0.918176139912555,"STAT1",135
10,0.921299188007495,"STAT1",135
11,0.923797626483448,"STAT1",135
12,0.925671455340412,"STAT1",135
13,0.927232979387883,"STAT1",135
14,0.928482198625859,"STAT1",135
15,0.929731417863835,"STAT1",135
16,0.930668332292317,"STAT1",135
17,0.931292941911305,"STAT1",135
18,0.931917551530294,"STAT1",135
19,0.932542161149282,"STAT1",135
20,0.932854465958776,"STAT1",135
21,0.93316677076827,"STAT1",135
22,0.933479075577764,"STAT1",135
23,0.933791380387258,"STAT1",135
24,0.934103685196752,"STAT1",135
25,0.934103685196752,"STAT1",135
1,0.457838850718301,"STAT3",91
2,0.655527795128045,"STAT3",91
3,0.762336039975016,"STAT3",91
4,0.809181761399126,"STAT3",91
5,0.83947532792005,"STAT3",91
6,0.863835103060587,"STAT3",91
7,0.873828856964397,"STAT3",91
8,0.87945034353529,"STAT3",91
9,0.884447220487195,"STAT3",91
10,0.888194878201124,"STAT3",91
11,0.891005621486571,"STAT3",91
12,0.893504059962523,"STAT3",91
13,0.894440974391006,"STAT3",91
14,0.895065584009994,"STAT3",91
15,0.895690193628982,"STAT3",91
16,0.89631480324797,"STAT3",91
17,0.896939412866958,"STAT3",91
18,0.897251717676452,"STAT3",91
19,0.897564022485946,"STAT3",91
20,0.89787632729544,"STAT3",91
21,0.898188632104934,"STAT3",91
22,0.898500936914428,"STAT3",91
23,0.898813241723923,"STAT3",91
24,0.898813241723923,"STAT3",91
