"k","mean","lo","hi","gene"
1,0.373374600638978,0.329772364217252,0.443690095846645,"ABCC8"
2,0.560378594249201,0.518370607028754,0.629193290734824,"ABCC8"
3,0.670702076677316,0.618510383386581,0.726936900958466,"ABCC8"
4,0.738575878594249,0.705171725239617,0.785243610223642,"ABCC8"
5,0.786710063897764,0.758686102236422,0.831070287539936,"ABCC8"
6,0.823094249201278,0.794628594249201,0.863119009584665,"ABCC8"
7,0.849819488817891,0.829672523961661,0.882687699680511,"ABCC8"
8,0.868694089456869,0.851837060702875,0.90055910543131,"ABCC8"
9,0.884490415335463,0.867012779552716,0.913039137380192,"ABCC8"
10,0.896289137380192,0.881289936102236,0.920626996805112,"ABCC8"
1,0.364388977635783,0.32388178913738,0.415335463258786,"AKT1"
2,0.553261182108626,0.521865015974441,0.60513178913738,"AKT1"
3,0.658050319488818,0.620107827476038,0.708865814696486,"AKT1"
4,0.723154952076677,0.691493610223642,0.764077476038339,"AKT1"
5,0.763505591054313,0.735423322683706,0.797224440894569,"AKT1"
6,0.792593450479233,0.772663738019169,0.819588658146965,"AKT1"
7,0.8154696485623,0.797124600638978,0.83426517571885,"AKT1"
8,0.83233785942492,0.812999201277955,0.847044728434505,"AKT1"
9,0.844283546325879,0.825479233226837,0.861022364217252,"AKT1"
10,0.853103833865815,0.835063897763578,0.867811501597444,"AKT1"
1,0.326944089456869,0.238418530351438,0.416533546325879,"CARD11"
2,0.538360223642173,0.478334664536741,0.609424920127795,"CARD11"
3,0.672276357827476,0.622404153354633,0.726936900958466,"CARD11"
4,0.765019968051118,0.728534345047923,0.811102236421725,"CARD11"
5,0.825418530351438,0.795527156549521,0.861521565495208,"CARD11"
6,0.867811501597444,0.84375,0.895766773162939,"CARD11"
7,0.897576677316294,0.880091853035144,0.921725239616613,"CARD11"
8,0.918251597444089,0.902555910543131,0.939696485623003,"CARD11"
9,0.934555111821086,0.92332268370607,0.952476038338658,"CARD11"
10,0.94623642172524,0.935203674121406,0.962060702875399,"CARD11"
1,0.325082268370607,0.262779552715655,0.424121405750799,"COL1A1"
2,0.515416932907348,0.468849840255591,0.575179712460064,"COL1A1"
3,0.62573482428115,0.590455271565495,0.678913738019169,"COL1A1"
4,0.700758785942492,0.666034345047923,0.749400958466454,"COL1A1"
5,0.75494249201278,0.724341054313099,0.7935303514377,"COL1A1"
6,0.791553514376997,0.764376996805112,0.826777156549521,"COL1A1"
7,0.818674920127796,0.792332268370607,0.849940095846645,"COL1A1"
8,0.838269968051118,0.818290734824281,0.865015974440895,"COL1A1"
9,0.853845047923323,0.838458466453674,0.877496006389776,"COL1A1"
10,0.866582268370607,0.852635782747604,0.887380191693291,"COL1A1"
1,0.317358626198083,0.254792332268371,0.399760383386581,"COL1A2"
2,0.508268370607029,0.45357428115016,0.568889776357827,"COL1A2"
3,0.626714856230032,0.579373003194888,0.682507987220447,"COL1A2"
4,0.699359424920128,0.670027955271565,0.744908146964856,"COL1A2"
5,0.750445686900958,0.728833865814696,0.785143769968051,"COL1A2"
6,0.783394568690096,0.76517571884984,0.809105431309904,"COL1A2"
7,0.804678115015974,0.788338658146965,0.824281150159744,"COL1A2"
8,0.819147763578275,0.804612619808307,0.838458466453674,"COL1A2"
9,0.830623003194888,0.815095846645367,0.852336261980831,"COL1A2"
10,0.838849840255591,0.820686900958466,0.862020766773163,"COL1A2"
1,0.395702076677316,0.325878594249201,0.466453674121406,"COL2A1"
2,0.583531150159744,0.55401357827476,0.626597444089457,"COL2A1"
3,0.685304313099041,0.654952076677316,0.732827476038339,"COL2A1"
4,0.74379552715655,0.72064696485623,0.776457667731629,"COL2A1"
5,0.780058306709265,0.76797124600639,0.802016773162939,"COL2A1"
6,0.801948083067093,0.792232428115016,0.818290734824281,"COL2A1"
7,0.81610303514377,0.80591054313099,0.831070287539936,"COL2A1"
8,0.827070287539936,0.817392172523962,0.839856230031949,"COL2A1"
9,0.834996805111821,0.826277955271565,0.846645367412141,"COL2A1"
10,0.841390575079872,0.832667731629393,0.852635782747604,"COL2A1"
1,0.352642172523962,0.321485623003195,0.449680511182109,"KCNJ11"
2,0.512226837060703,0.478334664536741,0.575079872204473,"KCNJ11"
3,0.592842651757189,0.553214856230032,0.641373801916933,"KCNJ11"
4,0.64030750798722,0.629193290734824,0.670227635782748,"KCNJ11"
5,0.665385782747604,0.654452875399361,0.690095846645367,"KCNJ11"
6,0.681705271565495,0.671126198083067,0.699380990415336,"KCNJ11"
7,0.692255591054313,0.687300319488818,0.70457268370607,"KCNJ11"
8,0.699373801916933,0.695287539936102,0.70926517571885,"KCNJ11"
9,0.705564696485623,0.699281150159744,0.713658146964856,"KCNJ11"
10,0.709061501597444,0.702076677316294,0.716553514376997,"KCNJ11"
1,0.281729233226837,0.206369808306709,0.344049520766773,"KCNQ2"
2,0.459407348242811,0.384384984025559,0.541234025559105,"KCNQ2"
3,0.578609424920128,0.518170926517572,0.651857028753994,"KCNQ2"
4,0.655357028753994,0.609025559105431,0.719249201277955,"KCNQ2"
5,0.710519968051118,0.662040734824281,0.768570287539936,"KCNQ2"
6,0.750242811501597,0.714456869009585,0.797523961661342,"KCNQ2"
7,0.779777156549521,0.747803514376997,0.823083067092652,"KCNQ2"
8,0.804488817891374,0.775858626198083,0.842751597444089,"KCNQ2"
9,0.822599840255591,0.800619009584664,0.858726038338658,"KCNQ2"
10,0.837506389776358,0.81629392971246,0.868710063897764,"KCNQ2"
1,0.354140575079872,0.274860223642173,0.428913738019169,"KIF1A"
2,0.550992811501597,0.513977635782748,0.607627795527157,"KIF1A"
3,0.670758785942492,0.634984025559105,0.718051118210863,"KIF1A"
4,0.744815495207668,0.716253993610224,0.779253194888179,"KIF1A"
5,0.792254792332268,0.770666932907348,0.825079872204473,"KIF1A"
6,0.826049520766773,0.806309904153355,0.853434504792332,"KIF1A"
7,0.849536741214058,0.830171725239617,0.873402555910543,"KIF1A"
8,0.86736821086262,0.850838658146965,0.88827875399361,"KIF1A"
9,0.880891373801917,0.865015974440895,0.90055910543131,"KIF1A"
10,0.892018370607029,0.876497603833866,0.909844249201278,"KIF1A"
1,0.311497603833866,0.241613418530351,0.412739616613419,"KIF5B"
2,0.452878594249201,0.258785942492013,0.578674121405751,"KIF5B"
3,0.523841054313099,0.477635782747604,0.601837060702875,"KIF5B"
4,0.584733226837061,0.582967252396166,0.663039137380192,"KIF5B"
5,0.620998402555911,0.589856230031949,0.695287539936102,"KIF5B"
6,0.646104632587859,0.597344249201278,0.708067092651757,"KIF5B"
7,0.661519968051118,0.619009584664537,0.723342651757188,"KIF5B"
8,0.674991214057508,0.627396166134185,0.728035143769968,"KIF5B"
9,0.682738019169329,0.630890575079872,0.731230031948882,"KIF5B"
10,0.694360223642173,0.637779552715655,0.734424920127795,"KIF5B"
1,0.297921725239617,0.257188498402556,0.335463258785943,"MTOR"
2,0.405438498402556,0.35413338658147,0.454872204472843,"MTOR"
3,0.458506389776358,0.450379392971246,0.488917731629393,"MTOR"
4,0.488156549520767,0.462859424920128,0.518370607028754,"MTOR"
5,0.508362619808307,0.47444089456869,0.530351437699681,"MTOR"
6,0.51986661341853,0.487120607028754,0.538438498402556,"MTOR"
7,0.529995207667732,0.500798722044728,0.544828274760383,"MTOR"
8,0.537716453674121,0.510283546325879,0.551916932907348,"MTOR"
9,0.544212460063898,0.518370607028754,0.557507987220447,"MTOR"
10,0.551400159744409,0.526657348242812,0.563099041533546,"MTOR"
1,0.323448881789137,0.23202875399361,0.411541533546326,"NLRP3"
2,0.531370607028754,0.483726038338658,0.592751597444089,"NLRP3"
3,0.665714856230032,0.620607028753994,0.730930511182109,"NLRP3"
4,0.752503194888179,0.710463258785943,0.802715654952077,"NLRP3"
5,0.812996006389776,0.780650958466454,0.856230031948882,"NLRP3"
6,0.85329552715655,0.829373003194888,0.888678115015974,"NLRP3"
7,0.883638178913738,0.863318690095847,0.911741214057508,"NLRP3"
8,0.906,0.888178913738019,0.93091054313099,"NLRP3"
9,0.922224440894569,0.908047124600639,0.942092651757188,"NLRP3"
10,0.935273961661342,0.924820287539936,0.95167731629393,"NLRP3"
1,0.306538338658147,0.301916932907348,0.356629392971246,"PIK3CA"
2,0.415939297124601,0.356130191693291,0.505890575079872,"PIK3CA"
3,0.470781948881789,0.376597444089457,0.567292332268371,"PIK3CA"
4,0.509413738019169,0.407348242811502,0.601936900958466,"PIK3CA"
5,0.539837060702875,0.418730031948882,0.611821086261981,"PIK3CA"
6,0.56211661341853,0.50469249201278,0.625299520766773,"PIK3CA"
7,0.583537539936102,0.563398562300319,0.643370607028754,"PIK3CA"
8,0.600768370607029,0.572084664536741,0.654652555910543,"PIK3CA"
9,0.611980830670927,0.587859424920128,0.665035942492013,"PIK3CA"
10,0.62429552715655,0.612220447284345,0.672124600638978,"PIK3CA"
1,0.324738817891374,0.308306709265176,0.341453674121406,"RELA"
2,0.500643769968051,0.454472843450479,0.577476038338658,"RELA"
3,0.59816054313099,0.588258785942492,0.650159744408946,"RELA"
4,0.650224440894569,0.623801916932907,0.689696485623003,"RELA"
5,0.685238817891374,0.674321086261981,0.714756389776358,"RELA"
6,0.709294728434505,0.693690095846645,0.736821086261981,"RELA"
7,0.725665335463259,0.707268370607029,0.741214057507987,"RELA"
8,0.739077476038339,0.73961661341853,0.751198083067093,"RELA"
9,0.751198083067093,0.751198083067093,0.751198083067093,"RELA"
1,0.346023162939297,0.279153354632588,0.423921725239617,"SCN2A"
2,0.545626198083067,0.493909744408946,0.601837060702875,"SCN2A"
3,0.662453674121406,0.620806709265176,0.717452076677316,"SCN2A"
4,0.739446485623003,0.702376198083067,0.789536741214057,"SCN2A"
5,0.789884984025559,0.760682907348243,0.833166932907348,"SCN2A"
6,0.823079872204473,0.79832268370607,0.858226837060703,"SCN2A"
7,0.847507987220447,0.826178115015974,0.876996805111821,"SCN2A"
8,0.865167731629393,0.849041533546326,0.888977635782748,"SCN2A"
9,0.877481629392971,0.862120607028754,0.898162939297125,"SCN2A"
10,0.887194888178914,0.874400958466454,0.905850638977636,"SCN2A"
1,0.29622124600639,0.232827476038339,0.344548722044728,"SCN8A"
2,0.448202875399361,0.390974440894569,0.528853833865815,"SCN8A"
3,0.539737220447284,0.462559904153355,0.604532747603834,"SCN8A"
4,0.598186102236422,0.544628594249201,0.668130990415335,"SCN8A"
5,0.63989696485623,0.606629392971246,0.706269968051118,"SCN8A"
6,0.6725303514377,0.629992012779553,0.727436102236422,"SCN8A"
7,0.696488019169329,0.649361022364217,0.747903354632588,"SCN8A"
8,0.715964057507987,0.662040734824281,0.767571884984026,"SCN8A"
9,0.734779552715655,0.684205271565495,0.788338658146965,"SCN8A"
10,0.750045527156549,0.710762779552716,0.804412939297125,"SCN8A"
1,0.338706869009585,0.336661341853035,0.382987220447284,"SPTAN1"
2,0.44092571884984,0.417232428115016,0.455670926517572,"SPTAN1"
3,0.483964057507987,0.455271565495208,0.489716453674121,"SPTAN1"
4,0.512285143769968,0.470447284345048,0.552016773162939,"SPTAN1"
5,0.530800319488818,0.480830670926518,0.595147763578275,"SPTAN1"
6,0.54714696485623,0.488817891373802,0.617112619808307,"SPTAN1"
7,0.559743610223642,0.496006389776358,0.627096645367412,"SPTAN1"
8,0.571313897763578,0.500698881789137,0.633785942492013,"SPTAN1"
9,0.582773961661342,0.50469249201278,0.640575079872205,"SPTAN1"
10,0.59261821086262,0.508386581469649,0.652955271565495,"SPTAN1"
1,0.24158945686901,0.181709265175719,0.271565495207668,"SPTLC1"
2,0.377646166134185,0.265575079872204,0.475738817891374,"SPTLC1"
3,0.457232428115016,0.38538338658147,0.544129392971246,"SPTLC1"
4,0.513214856230032,0.423921725239617,0.603134984025559,"SPTLC1"
5,0.554496805111821,0.501697284345048,0.631389776357827,"SPTLC1"
6,0.585720447284345,0.537440095846645,0.64866214057508,"SPTLC1"
7,0.608345047923323,0.57388178913738,0.659345047923323,"SPTLC1"
8,0.62647124600639,0.599640575079872,0.667332268370607,"SPTLC1"
9,0.638003993610224,0.619808306709265,0.670926517571885,"SPTLC1"
10,0.649436900958466,0.644369009584664,0.674920127795527,"SPTLC1"
1,0.335518370607029,0.26517571884984,0.405051916932907,"STAT1"
2,0.521032747603834,0.482128594249201,0.583166932907348,"STAT1"
3,0.639998402555911,0.60223642172524,0.694888178913738,"STAT1"
4,0.713722843450479,0.684904153354633,0.757687699680511,"STAT1"
5,0.758367412140575,0.732627795527157,0.796026357827476,"STAT1"
6,0.790981629392971,0.771964856230032,0.822384185303514,"STAT1"
7,0.814475239616613,0.796325878594249,0.841453674121406,"STAT1"
8,0.8297803514377,0.812200479233227,0.854732428115016,"STAT1"
9,0.842583865814696,0.827875399361022,0.864217252396166,"STAT1"
10,0.85292571884984,0.840255591054313,0.871006389776358,"STAT1"
1,0.392595047923323,0.37779552715655,0.432507987220447,"STAT3"
2,0.500255591054313,0.466753194888179,0.534345047923323,"STAT3"
3,0.558210063897764,0.521166134185304,0.600239616613419,"STAT3"
4,0.592525559105431,0.553514376996805,0.62779552715655,"STAT3"
5,0.618452875399361,0.582667731629393,0.644568690095847,"STAT3"
6,0.635141373801917,0.606130191693291,0.656649361022364,"STAT3"
7,0.651507188498403,0.627096645367412,0.667931309904153,"STAT3"
8,0.664102236421725,0.641373801916933,0.678214856230032,"STAT3"
9,0.673555111821086,0.648162939297125,0.684904153354633,"STAT3"
10,0.683049520766773,0.656050319488818,0.691793130990415,"STAT3"
