chemistry	kmer	coef	se	t	p	p_bonf	sig_bonf
MOE_5-10-5	AAAA	-5.7108	0.313	-18.245	3.2401e-74	8.29466e-72	True
MOE_5-10-5	GGGG	-4.8264	1.647	-2.93	0.00338695	0.86706	False
MOE_5-10-5	TAAA	-4.6878	0.3051	-15.364	3.44602e-53	8.82182e-51	True
MOE_5-10-5	GGCC	-3.4442	0.3546	-9.714	2.70104e-22	6.91465e-20	True
MOE_5-10-5	TCGT	-3.1195	2.4581	-1.269	0.204415	1	False
MOE_5-10-5	AACG	-3.1165	0.9019	-3.455	0.000550029	0.140807	False
MOE_5-10-5	CGCC	-2.7968	0.5757	-4.858	1.19048e-06	0.000304762	True
MOE_5-10-5	GGGC	-2.6829	0.4554	-5.892	3.84096e-09	9.83286e-07	True
MOE_5-10-5	CTCG	-2.6557	0.6595	-4.027	5.66183e-05	0.0144943	True
MOE_5-10-5	CCTA	-2.6133	0.3892	-6.714	1.90716e-11	4.88234e-09	True
MOE_5-10-5	AGAA	-2.5239	0.3221	-7.836	4.72819e-15	1.21042e-12	True
MOE_5-10-5	ATAA	-2.4964	0.3252	-7.677	1.65209e-14	4.22935e-12	True
MOE_5-10-5	CCCC	-2.2832	0.3475	-6.571	5.02614e-11	1.28669e-08	True
MOE_5-10-5	AAGA	-2.2734	0.3501	-6.493	8.45537e-11	2.16457e-08	True
MOE_5-10-5	CTTC	-2.1111	0.2775	-7.607	2.82928e-14	7.24296e-12	True
MOE_5-10-5	TACC	-2.0596	0.3929	-5.242	1.5894e-07	4.06887e-05	True
MOE_5-10-5	GGTG	-1.9921	0.4176	-4.77	1.84236e-06	0.000471645	True
MOE_5-10-5	AACA	-1.9717	0.3142	-6.275	3.52003e-10	9.01127e-08	True
MOE_5-10-5	AGCC	-1.9371	0.3396	-5.704	1.17355e-08	3.00428e-06	True
MOE_5-10-5	TAAG	-1.8547	0.4089	-4.536	5.73429e-06	0.00146798	True
MOE_5-10-5	CGTC	-1.7686	0.9938	-1.78	0.0751305	1	False
MOE_5-10-5	CCTG	-1.7132	0.3077	-5.567	2.5978e-08	6.65036e-06	True
MOE_5-10-5	CCTC	-1.6973	0.2909	-5.835	5.4095e-09	1.38483e-06	True
MOE_5-10-5	GGGT	-1.6327	0.5018	-3.253	0.00114054	0.291979	False
MOE_5-10-5	CGCT	-1.6013	0.6589	-2.43	0.0150881	1	False
MOE_5-10-5	GGGA	-1.4573	0.4625	-3.151	0.00162877	0.416966	False
MOE_5-10-5	AATT	-1.455	0.2984	-4.876	1.08299e-06	0.000277246	True
MOE_5-10-5	CCCG	-1.4506	0.5336	-2.718	0.00656302	1	False
MOE_5-10-5	AGAC	-1.3629	0.3871	-3.521	0.000430651	0.110247	False
MOE_5-10-5	CTTG	-1.3539	0.327	-4.141	3.46183e-05	0.00886228	True
MOE_5-10-5	AATG	-1.3439	0.3464	-3.88	0.000104697	0.0268025	True
MOE_5-10-5	AGTC	-1.3251	0.3752	-3.532	0.000413069	0.105746	False
MOE_5-10-5	CTCC	-1.2746	0.29	-4.395	1.10964e-05	0.00284068	True
MOE_5-10-5	TAAT	-1.2269	0.3271	-3.75	0.000176826	0.0452673	True
MOE_5-10-5	AAGT	-1.1951	0.3517	-3.398	0.000679847	0.174041	False
MOE_5-10-5	CTAC	-1.0887	0.4208	-2.587	0.0096743	1	False
MOE_5-10-5	GAGG	-0.8777	0.3997	-2.196	0.0280877	1	False
MOE_5-10-5	CGAA	-0.8522	0.7375	-1.155	0.247891	1	False
MOE_5-10-5	AGTG	-0.8506	0.3958	-2.149	0.0316345	1	False
MOE_5-10-5	AGAT	-0.8246	0.3672	-2.246	0.0247114	1	False
MOE_5-10-5	CTGG	-0.7088	0.3189	-2.223	0.0262337	1	False
MOE_5-10-5	TTTA	-0.6462	0.2666	-2.424	0.0153671	1	False
MOE_5-10-5	AGTT	-0.6277	0.3404	-1.844	0.0651626	1	False
MOE_5-10-5	TGAA	-0.5955	0.3431	-1.735	0.0826711	1	False
MOE_5-10-5	TTGA	-0.594	0.3754	-1.582	0.113594	1	False
MOE_5-10-5	AGCA	-0.5912	0.3191	-1.853	0.0639346	1	False
MOE_5-10-5	CGGC	-0.5841	0.5328	-1.096	0.272978	1	False
MOE_5-10-5	GCGG	-0.5648	0.6012	-0.939	0.347515	1	False
MOE_5-10-5	GGTC	-0.5571	0.4242	-1.313	0.189029	1	False
MOE_5-10-5	CAAA	-0.5478	0.2869	-1.909	0.0562216	1	False
MOE_5-10-5	CATC	-0.5459	0.296	-1.844	0.0651439	1	False
MOE_5-10-5	AAAG	-0.508	0.3334	-1.524	0.127607	1	False
MOE_5-10-5	TTAA	-0.5079	0.2977	-1.706	0.0880203	1	False
MOE_5-10-5	CCGT	-0.4739	0.6498	-0.729	0.465866	1	False
MOE_5-10-5	AGAG	-0.4401	0.3819	-1.152	0.249131	1	False
MOE_5-10-5	AAAT	-0.3514	0.2796	-1.257	0.208848	1	False
MOE_5-10-5	CTGT	-0.3471	0.3245	-1.07	0.284737	1	False
MOE_5-10-5	AATC	-0.3229	0.3422	-0.944	0.345287	1	False
MOE_5-10-5	TGAC	-0.3157	0.3937	-0.802	0.422603	1	False
MOE_5-10-5	GGAG	-0.3072	0.3906	-0.787	0.43155	1	False
MOE_5-10-5	GGCT	-0.3028	0.381	-0.795	0.426681	1	False
MOE_5-10-5	CCAG	-0.2657	0.2753	-0.965	0.334637	1	False
MOE_5-10-5	AATA	-0.2452	0.3205	-0.765	0.444267	1	False
MOE_5-10-5	TGAT	-0.2262	0.3684	-0.614	0.539214	1	False
MOE_5-10-5	ATAT	-0.2116	0.3212	-0.659	0.510063	1	False
MOE_5-10-5	ACTA	-0.2036	0.3923	-0.519	0.603736	1	False
MOE_5-10-5	GACG	-0.1756	0.9115	-0.193	0.847235	1	False
MOE_5-10-5	CGGA	-0.1613	0.6839	-0.236	0.813555	1	False
MOE_5-10-5	CAAG	-0.1375	0.3506	-0.392	0.694914	1	False
MOE_5-10-5	CGAT	-0.1209	0.7402	-0.163	0.870306	1	False
MOE_5-10-5	ATGT	-0.1114	0.3477	-0.32	0.748675	1	False
MOE_5-10-5	CATG	-0.1094	0.3425	-0.319	0.749517	1	False
MOE_5-10-5	TTGT	-0.0988	0.3461	-0.286	0.775228	1	False
MOE_5-10-5	GGCG	-0.0779	0.7263	-0.107	0.914531	1	False
MOE_5-10-5	ACCC	-0.0159	0.3586	-0.044	0.964686	1	False
MOE_5-10-5	TGCC	0.0257	0.332	0.077	0.938369	1	False
MOE_5-10-5	CAAC	0.037	0.3683	0.1	0.919998	1	False
MOE_5-10-5	GGAC	0.0462	0.432	0.107	0.914781	1	False
MOE_5-10-5	CCAC	0.079	0.2926	0.27	0.787157	1	False
MOE_5-10-5	CACC	0.1075	0.2984	0.36	0.718609	1	False
MOE_5-10-5	CGGG	0.1355	0.6968	0.195	0.845755	1	False
MOE_5-10-5	ACTG	0.1539	0.332	0.463	0.643018	1	False
MOE_5-10-5	TACA	0.1963	0.3261	0.602	0.54713	1	False
MOE_5-10-5	TCCC	0.2098	0.2983	0.703	0.481761	1	False
MOE_5-10-5	TATG	0.2224	0.4192	0.531	0.595644	1	False
MOE_5-10-5	AGCT	0.2338	0.3267	0.715	0.474305	1	False
MOE_5-10-5	CTAG	0.2587	0.4321	0.599	0.549344	1	False
MOE_5-10-5	AAGG	0.268	0.373	0.718	0.472526	1	False
MOE_5-10-5	GGAT	0.2739	0.4588	0.597	0.550538	1	False
MOE_5-10-5	AACC	0.2771	0.3685	0.752	0.452063	1	False
MOE_5-10-5	CCCT	0.2878	0.3139	0.917	0.359232	1	False
MOE_5-10-5	TCTA	0.3199	0.3366	0.951	0.341824	1	False
MOE_5-10-5	CAGG	0.3527	0.2953	1.194	0.232293	1	False
MOE_5-10-5	ATGG	0.3549	0.3963	0.896	0.370508	1	False
MOE_5-10-5	GCCG	0.3869	0.615	0.629	0.529357	1	False
MOE_5-10-5	ACTC	0.4054	0.3464	1.17	0.241918	1	False
MOE_5-10-5	CCCA	0.4156	0.2723	1.526	0.12693	1	False
MOE_5-10-5	TAAC	0.432	0.396	1.091	0.275308	1	False
MOE_5-10-5	GGCA	0.4383	0.3577	1.225	0.220475	1	False
MOE_5-10-5	TACG	0.466	1.0723	0.435	0.663903	1	False
MOE_5-10-5	TAGC	0.468	0.4423	1.058	0.289999	1	False
MOE_5-10-5	TAGT	0.471	0.4261	1.105	0.269025	1	False
MOE_5-10-5	ATTG	0.4914	0.4059	1.211	0.225949	1	False
MOE_5-10-5	TTTG	0.516	0.3308	1.56	0.118844	1	False
MOE_5-10-5	TCAA	0.5179	0.3112	1.664	0.0960895	1	False
MOE_5-10-5	CTAA	0.5239	0.3722	1.408	0.159247	1	False
MOE_5-10-5	ATAG	0.5742	0.4208	1.365	0.172377	1	False
MOE_5-10-5	TGCT	0.6	0.3081	1.947	0.0515207	1	False
MOE_5-10-5	ACAG	0.6022	0.316	1.906	0.0566956	1	False
MOE_5-10-5	CTGC	0.6061	0.3007	2.015	0.043864	1	False
MOE_5-10-5	CTAT	0.6425	0.3606	1.782	0.0747567	1	False
MOE_5-10-5	TAGA	0.6514	0.4144	1.572	0.116009	1	False
MOE_5-10-5	CCGC	0.7333	0.5551	1.321	0.186488	1	False
MOE_5-10-5	ATTC	0.7402	0.3113	2.377	0.0174384	1	False
MOE_5-10-5	CGAC	0.7547	0.7721	0.977	0.328337	1	False
MOE_5-10-5	TGTC	0.7639	0.3544	2.156	0.0310975	1	False
MOE_5-10-5	CTGA	0.8006	0.3336	2.4	0.0164078	1	False
MOE_5-10-5	TCAC	0.8166	0.2996	2.725	0.00642555	1	False
MOE_5-10-5	AGTA	0.8189	0.3951	2.073	0.0382134	1	False
MOE_5-10-5	GAAG	0.8795	0.383	2.296	0.0216769	1	False
MOE_5-10-5	ATTA	0.8833	0.3313	2.666	0.00767839	1	False
MOE_5-10-5	CGCA	0.8872	0.6216	1.427	0.153526	1	False
MOE_5-10-5	CAGT	0.9072	0.3215	2.822	0.00477354	1	False
MOE_5-10-5	TTGG	0.9121	0.3723	2.45	0.0142784	1	False
MOE_5-10-5	ACAA	0.9137	0.3252	2.81	0.00495737	1	False
MOE_5-10-5	GAGT	0.9375	0.4517	2.076	0.0379368	1	False
MOE_5-10-5	CACG	1.005	0.6119	1.642	0.100516	1	False
MOE_5-10-5	TCTG	1.0186	0.3073	3.314	0.000918805	0.235214	False
MOE_5-10-5	TGCA	1.0259	0.3254	3.153	0.00161672	0.41388	False
MOE_5-10-5	CACT	1.0297	0.2969	3.468	0.000523943	0.134129	False
MOE_5-10-5	CGGT	1.0577	0.6763	1.564	0.117854	1	False
MOE_5-10-5	AGGT	1.0886	0.3734	2.916	0.00355026	0.908866	False
MOE_5-10-5	TACT	1.0953	0.3511	3.12	0.00180886	0.463069	False
MOE_5-10-5	ACGT	1.1434	2.591	0.441	0.659005	1	False
MOE_5-10-5	GAAA	1.1658	0.3469	3.36	0.000779134	0.199458	False
MOE_5-10-5	TTTC	1.1877	0.251	4.731	2.23282e-06	0.000571603	True
MOE_5-10-5	AAAC	1.1954	0.3297	3.626	0.000288259	0.0737944	False
MOE_5-10-5	GGAA	1.2423	0.3754	3.31	0.000934828	0.239316	False
MOE_5-10-5	TCAG	1.2469	0.3057	4.078	4.5387e-05	0.0116191	True
MOE_5-10-5	TGTA	1.2594	0.3773	3.338	0.000844955	0.216308	False
MOE_5-10-5	CGCG	1.2737	0.8422	1.512	0.130441	1	False
MOE_5-10-5	TTAG	1.275	0.4068	3.134	0.00172357	0.441234	False
MOE_5-10-5	CACA	1.2771	0.2875	4.443	8.89161e-06	0.00227625	True
MOE_5-10-5	CTTA	1.283	0.3477	3.69	0.000224482	0.0574673	False
MOE_5-10-5	CGAG	1.3094	0.722	1.814	0.0697473	1	False
MOE_5-10-5	CAGA	1.341	0.3093	4.336	1.45431e-05	0.00372304	True
MOE_5-10-5	TGTG	1.3647	0.3689	3.7	0.000215798	0.0552443	False
MOE_5-10-5	ATAC	1.3726	0.3743	3.667	0.000245525	0.0628544	False
MOE_5-10-5	TTAT	1.3817	0.3051	4.529	5.9305e-06	0.00151821	True
MOE_5-10-5	AAGC	1.3947	0.3806	3.665	0.00024775	0.063424	False
MOE_5-10-5	ATGA	1.4009	0.368	3.807	0.000140889	0.0360675	True
MOE_5-10-5	GAGC	1.4036	0.4148	3.383	0.000716155	0.183336	False
MOE_5-10-5	TCCG	1.4614	0.6461	2.262	0.0237135	1	False
MOE_5-10-5	ACAC	1.5306	0.3452	4.433	9.29557e-06	0.00237967	True
MOE_5-10-5	ACCT	1.5373	0.3151	4.879	1.07096e-06	0.000274165	True
MOE_5-10-5	ATCC	1.5875	0.3295	4.817	1.45907e-06	0.000373521	True
MOE_5-10-5	ACCG	1.6695	0.6947	2.403	0.0162639	1	False
MOE_5-10-5	GTGG	1.709	0.4411	3.874	0.000106964	0.0273828	True
MOE_5-10-5	ACGG	1.7181	0.6905	2.488	0.012842	1	False
MOE_5-10-5	ACAT	1.777	0.2974	5.975	2.30839e-09	5.90948e-07	True
MOE_5-10-5	TCAT	1.7883	0.2899	6.169	6.91295e-10	1.76972e-07	True
MOE_5-10-5	CGTT	1.7912	1.1854	1.511	0.130776	1	False
MOE_5-10-5	CGTG	1.8019	0.9529	1.891	0.0586185	1	False
MOE_5-10-5	ACCA	1.811	0.3059	5.919	3.24391e-09	8.30441e-07	True
MOE_5-10-5	TATA	1.8198	0.3426	5.312	1.08716e-07	2.78313e-05	True
MOE_5-10-5	TCTC	1.8422	0.3013	6.115	9.70974e-10	2.48569e-07	True
MOE_5-10-5	GCGA	1.8617	0.7922	2.35	0.0187748	1	False
MOE_5-10-5	GCGT	1.8785	1.9006	0.988	0.32295	1	False
MOE_5-10-5	AACT	1.8833	0.3317	5.677	1.37225e-08	3.51296e-06	True
MOE_5-10-5	AGGA	1.8882	0.3326	5.677	1.37174e-08	3.51164e-06	True
MOE_5-10-5	TGAG	1.9062	0.3712	5.135	2.82148e-07	7.22298e-05	True
MOE_5-10-5	CAGC	1.95	0.2918	6.683	2.35932e-11	6.03987e-09	True
MOE_5-10-5	GAGA	1.9737	0.4005	4.928	8.31416e-07	0.000212843	True
MOE_5-10-5	TTAC	1.9917	0.3537	5.631	1.79993e-08	4.60782e-06	True
MOE_5-10-5	TGGC	2.104	0.3538	5.946	2.75294e-09	7.04752e-07	True
MOE_5-10-5	CCGG	2.1277	0.5805	3.665	0.000247499	0.0633598	False
MOE_5-10-5	TATT	2.1405	0.2931	7.304	2.8181e-13	7.21434e-11	True
MOE_5-10-5	ACTT	2.1554	0.3087	6.982	2.93532e-12	7.51441e-10	True
MOE_5-10-5	CCAA	2.1707	0.3092	7.02	2.23102e-12	5.71141e-10	True
MOE_5-10-5	TATC	2.2776	0.3675	6.197	5.76725e-10	1.47642e-07	True
MOE_5-10-5	GATG	2.5133	0.4205	5.976	2.29344e-09	5.8712e-07	True
MOE_5-10-5	GAAC	2.5242	0.4418	5.713	1.11227e-08	2.84741e-06	True
MOE_5-10-5	TCCT	2.5964	0.2689	9.656	4.76072e-22	1.21874e-19	True
MOE_5-10-5	ATCT	2.6325	0.3023	8.709	3.1297e-18	8.01204e-16	True
MOE_5-10-5	TGGA	2.6582	0.3545	7.499	6.4807e-14	1.65906e-11	True
MOE_5-10-5	CTCA	2.6948	0.285	9.455	3.31213e-21	8.47904e-19	True
MOE_5-10-5	ATCA	2.7245	0.306	8.903	5.52902e-19	1.41543e-16	True
MOE_5-10-5	TTTT	2.7674	0.2732	10.128	4.30155e-24	1.1012e-21	True
MOE_5-10-5	ATTT	2.7772	0.248	11.197	4.43702e-29	1.13588e-26	True
MOE_5-10-5	CCGA	2.7985	0.6915	4.047	5.19102e-05	0.013289	True
MOE_5-10-5	GTTG	2.8199	0.4425	6.373	1.86021e-10	4.76213e-08	True
MOE_5-10-5	TGTT	2.8204	0.3299	8.549	1.26852e-17	3.24742e-15	True
MOE_5-10-5	ATGC	2.8337	0.3815	7.427	1.11887e-13	2.8643e-11	True
MOE_5-10-5	TCGA	2.8984	0.7195	4.029	5.61784e-05	0.0143817	True
MOE_5-10-5	TCCA	2.9064	0.2682	10.837	2.40852e-27	6.1658e-25	True
MOE_5-10-5	GGTT	2.938	0.4143	7.091	1.33914e-12	3.42819e-10	True
MOE_5-10-5	CTTT	2.9463	0.2646	11.133	9.08814e-29	2.32656e-26	True
MOE_5-10-5	ATCG	3.0077	0.8992	3.345	0.00082352	0.210821	False
MOE_5-10-5	GCTG	3.0583	0.3376	9.06	1.33308e-19	3.4127e-17	True
MOE_5-10-5	CCAT	3.0888	0.2935	10.526	6.84775e-26	1.75302e-23	True
MOE_5-10-5	AGGC	3.0889	0.347	8.902	5.5975e-19	1.43296e-16	True
MOE_5-10-5	TTGC	3.0934	0.3648	8.48	2.28407e-17	5.84722e-15	True
MOE_5-10-5	GCGC	3.0973	0.72	4.302	1.69699e-05	0.00434428	True
MOE_5-10-5	ACGA	3.1169	0.769	4.053	5.05425e-05	0.0129389	True
MOE_5-10-5	TGCG	3.1273	0.7762	4.029	5.61261e-05	0.0143683	True
MOE_5-10-5	GGTA	3.145	0.4739	6.636	3.24599e-11	8.30973e-09	True
MOE_5-10-5	GCCC	3.2115	0.3402	9.44	3.81765e-21	9.77318e-19	True
MOE_5-10-5	TTCC	3.2251	0.2695	11.968	5.61102e-33	1.43642e-30	True
MOE_5-10-5	CCTT	3.2592	0.2839	11.481	1.74916e-30	4.47785e-28	True
MOE_5-10-5	CATT	3.2732	0.2814	11.633	2.97143e-31	7.60686e-29	True
MOE_5-10-5	CTCT	3.367	0.2924	11.516	1.15927e-30	2.96772e-28	True
MOE_5-10-5	GTAG	3.3808	0.4899	6.901	5.21766e-12	1.33572e-09	True
MOE_5-10-5	CAAT	3.4005	0.3387	10.039	1.0594e-23	2.71207e-21	True
MOE_5-10-5	TGGG	3.4284	0.426	8.049	8.48722e-16	2.17273e-13	True
MOE_5-10-5	TTCT	3.4404	0.2559	13.443	3.77205e-41	9.65644e-39	True
MOE_5-10-5	GCAG	3.4638	0.3321	10.431	1.86856e-25	4.78351e-23	True
MOE_5-10-5	GTGT	3.5035	0.4392	7.978	1.51214e-15	3.87108e-13	True
MOE_5-10-5	GATC	3.5657	0.4542	7.85	4.22551e-15	1.08173e-12	True
MOE_5-10-5	TTCG	4.0245	0.8025	5.015	5.31604e-07	0.000136091	True
MOE_5-10-5	CATA	4.0717	0.3391	12.006	3.52168e-33	9.0155e-31	True
MOE_5-10-5	TCTT	4.164	0.2664	15.631	5.48888e-55	1.40515e-52	True
MOE_5-10-5	AGCG	4.1854	0.7483	5.593	2.23454e-08	5.72042e-06	True
MOE_5-10-5	AGGG	4.2206	0.4094	10.31	6.59263e-25	1.68771e-22	True
MOE_5-10-5	GCCA	4.3598	0.3271	13.327	1.79825e-40	4.60352e-38	True
MOE_5-10-5	GATA	4.3898	0.45	9.755	1.81014e-22	4.63397e-20	True
MOE_5-10-5	GCCT	4.408	0.3498	12.601	2.27482e-36	5.82354e-34	True
MOE_5-10-5	TTCA	4.4361	0.263	16.867	1.03373e-63	2.64635e-61	True
MOE_5-10-5	GCTC	4.53	0.354	12.796	1.8917e-37	4.84275e-35	True
MOE_5-10-5	TGGT	4.6386	0.3592	12.914	4.13898e-38	1.05958e-35	True
MOE_5-10-5	GCAA	4.8606	0.3831	12.688	7.49119e-37	1.91775e-34	True
MOE_5-10-5	TAGG	4.8728	0.4409	11.052	2.25243e-28	5.76622e-26	True
MOE_5-10-5	GAAT	4.8793	0.3783	12.899	4.99067e-38	1.27761e-35	True
MOE_5-10-5	GACC	5.0813	0.4153	12.234	2.19133e-34	5.60981e-32	True
MOE_5-10-5	GTGC	5.3978	0.4443	12.149	6.22983e-34	1.59484e-31	True
MOE_5-10-5	ACGC	5.4573	0.7183	7.597	3.06392e-14	7.84364e-12	True
MOE_5-10-5	GACA	5.5429	0.3739	14.824	1.19563e-49	3.06081e-47	True
MOE_5-10-5	CGTA	5.7202	1.3384	4.274	1.92417e-05	0.00492587	True
MOE_5-10-5	TCGG	5.7942	0.6841	8.469	2.51152e-17	6.42948e-15	True
MOE_5-10-5	GCTA	5.8238	0.473	12.313	8.31095e-35	2.1276e-32	True
MOE_5-10-5	GATT	5.8474	0.403	14.511	1.19459e-47	3.05816e-45	True
MOE_5-10-5	GACT	5.9659	0.414	14.411	5.09814e-47	1.30512e-44	True
MOE_5-10-5	GCAC	6.0092	0.3748	16.033	9.41063e-58	2.40912e-55	True
MOE_5-10-5	GTGA	6.0435	0.4105	14.724	5.27638e-49	1.35075e-46	True
MOE_5-10-5	TCGC	6.0591	0.6626	9.145	6.10172e-20	1.56204e-17	True
MOE_5-10-5	GTCG	6.7492	0.8321	8.112	5.07271e-16	1.29861e-13	True
MOE_5-10-5	GCAT	6.9813	0.3752	18.604	4.38389e-77	1.12228e-74	True
MOE_5-10-5	GTCT	7.0554	0.3874	18.213	5.81743e-74	1.48926e-71	True
MOE_5-10-5	GTTC	7.3283	0.3936	18.619	3.37578e-77	8.64198e-75	True
MOE_5-10-5	GTAC	7.4332	0.4775	15.567	1.47749e-54	3.78237e-52	True
MOE_5-10-5	GCTT	7.7318	0.342	22.609	8.2927e-113	2.12293e-110	True
MOE_5-10-5	GTAA	8.3057	0.4446	18.68	1.06667e-77	2.73068e-75	True
MOE_5-10-5	GTTA	8.6152	0.4485	19.209	4.90619e-82	1.25598e-79	True
MOE_5-10-5	GTCA	8.6775	0.3807	22.794	1.27211e-114	3.25661e-112	True
MOE_5-10-5	GTTT	8.7684	0.3403	25.768	8.47552e-146	2.16973e-143	True
MOE_5-10-5	GTAT	9.1923	0.4399	20.898	1.051e-96	2.69057e-94	True
MOE_5-10-5	GTCC	9.5481	0.377	25.326	6.32763e-141	1.61987e-138	True
cEt_3-10-3	GGCC	-8.012	0.4476	-17.898	1.73771e-71	4.44854e-69	True
cEt_3-10-3	GGCT	-7.0215	0.4274	-16.43	1.51305e-60	3.8734e-58	True
cEt_3-10-3	CGAA	-5.9453	0.695	-8.555	1.20453e-17	3.0836e-15	True
cEt_3-10-3	CTAG	-5.6891	0.5095	-11.166	6.2802e-29	1.60773e-26	True
cEt_3-10-3	GGGA	-5.6559	0.5128	-11.029	2.90476e-28	7.43619e-26	True
cEt_3-10-3	AAAA	-5.4882	0.5209	-10.536	6.16466e-26	1.57815e-23	True
cEt_3-10-3	GGCA	-5.431	0.4125	-13.168	1.49847e-39	3.83608e-37	True
cEt_3-10-3	CGGA	-5.409	0.6054	-8.935	4.16727e-19	1.06682e-16	True
cEt_3-10-3	GGCG	-5.2412	0.7082	-7.401	1.36886e-13	3.50428e-11	True
cEt_3-10-3	CCTG	-5.181	0.3945	-13.134	2.31816e-39	5.93449e-37	True
cEt_3-10-3	CAAC	-5.0119	0.4752	-10.546	5.517e-26	1.41235e-23	True
cEt_3-10-3	CATG	-4.6549	0.4209	-11.058	2.10539e-28	5.38979e-26	True
cEt_3-10-3	AGCT	-4.3485	0.3739	-11.631	3.06217e-31	7.83916e-29	True
cEt_3-10-3	AGGA	-4.3204	0.3829	-11.285	1.65274e-29	4.23102e-27	True
cEt_3-10-3	CTAA	-4.0866	0.4616	-8.853	8.70515e-19	2.22852e-16	True
cEt_3-10-3	GGGT	-3.9404	0.5396	-7.302	2.86368e-13	7.33103e-11	True
cEt_3-10-3	GGAG	-3.9379	0.4167	-9.45	3.49481e-21	8.94671e-19	True
cEt_3-10-3	CTAT	-3.9217	0.496	-7.906	2.68977e-15	6.88582e-13	True
cEt_3-10-3	CGCG	-3.8331	0.8749	-4.381	1.18323e-05	0.00302907	True
cEt_3-10-3	TAAC	-3.7324	0.4993	-7.476	7.7534e-14	1.98487e-11	True
cEt_3-10-3	AATT	-3.6747	0.4249	-8.649	5.2861e-18	1.35324e-15	True
cEt_3-10-3	GGTG	-3.5652	0.4564	-7.811	5.73576e-15	1.46836e-12	True
cEt_3-10-3	CTAC	-3.4589	0.5595	-6.182	6.3637e-10	1.62911e-07	True
cEt_3-10-3	GACG	-3.4234	0.9103	-3.761	0.000169579	0.0434122	True
cEt_3-10-3	CCTA	-3.3806	0.5105	-6.622	3.566e-11	9.12896e-09	True
cEt_3-10-3	CCCA	-3.0109	0.3916	-7.689	1.50432e-14	3.85106e-12	True
cEt_3-10-3	AGCG	-3.0057	0.732	-4.106	4.02731e-05	0.0103099	True
cEt_3-10-3	CCGT	-2.9789	0.6801	-4.38	1.18655e-05	0.00303757	True
cEt_3-10-3	CAAA	-2.97	0.4205	-7.063	1.63884e-12	4.19544e-10	True
cEt_3-10-3	CGCA	-2.7951	0.6136	-4.555	5.24221e-06	0.001342	True
cEt_3-10-3	CGAT	-2.7799	0.7055	-3.94	8.14159e-05	0.0208425	True
cEt_3-10-3	CCCG	-2.7593	0.5506	-5.012	5.40692e-07	0.000138417	True
cEt_3-10-3	CGGG	-2.5563	0.6418	-3.983	6.81623e-05	0.0174495	True
cEt_3-10-3	GCGA	-2.5527	0.7651	-3.336	0.000849707	0.217525	False
cEt_3-10-3	CCGA	-2.503	0.6403	-3.909	9.27581e-05	0.0237461	True
cEt_3-10-3	CCTC	-2.4767	0.4663	-5.312	1.08769e-07	2.78448e-05	True
cEt_3-10-3	CCCT	-2.4714	0.4554	-5.427	5.75008e-08	1.47202e-05	True
cEt_3-10-3	CATT	-2.4505	0.4213	-5.816	6.04454e-09	1.5474e-06	True
cEt_3-10-3	CTGT	-2.3961	0.4163	-5.756	8.63791e-09	2.2113e-06	True
cEt_3-10-3	CGCT	-2.3691	0.7132	-3.322	0.000895259	0.229186	False
cEt_3-10-3	CCAC	-2.3343	0.415	-5.625	1.86042e-08	4.76267e-06	True
cEt_3-10-3	CAGA	-2.2433	0.3988	-5.625	1.86677e-08	4.77894e-06	True
cEt_3-10-3	CGGT	-2.2233	0.6689	-3.324	0.00088838	0.227425	False
cEt_3-10-3	CACT	-2.2206	0.4184	-5.307	1.11533e-07	2.85526e-05	True
cEt_3-10-3	TCGA	-2.205	0.7114	-3.1	0.00193885	0.496344	False
cEt_3-10-3	GCCG	-2.0503	0.5865	-3.496	0.000472723	0.121017	False
cEt_3-10-3	TGCA	-2.0422	0.3956	-5.162	2.45277e-07	6.27909e-05	True
cEt_3-10-3	TAAA	-2.0173	0.4189	-4.815	1.47159e-06	0.000376728	True
cEt_3-10-3	AGAA	-1.9524	0.4255	-4.588	4.47966e-06	0.00114679	True
cEt_3-10-3	TAAT	-1.8724	0.4384	-4.271	1.94766e-05	0.00498601	True
cEt_3-10-3	CCTT	-1.87	0.4472	-4.182	2.89731e-05	0.00741711	True
cEt_3-10-3	CATC	-1.7987	0.4291	-4.192	2.76856e-05	0.00708752	True
cEt_3-10-3	AAAC	-1.7058	0.437	-3.903	9.5087e-05	0.0243423	True
cEt_3-10-3	CCAG	-1.6916	0.379	-4.463	8.10258e-06	0.00207426	True
cEt_3-10-3	GCGC	-1.6412	0.7368	-2.227	0.0259202	1	False
cEt_3-10-3	GGAA	-1.6218	0.4383	-3.7	0.000215491	0.0551656	False
cEt_3-10-3	AAGA	-1.5394	0.4102	-3.753	0.000175205	0.0448524	True
cEt_3-10-3	GATC	-1.4458	0.5064	-2.855	0.00430379	1	False
cEt_3-10-3	GCCC	-1.4389	0.4437	-3.243	0.00118326	0.302914	False
cEt_3-10-3	GGGC	-1.422	0.5	-2.844	0.00445382	1	False
cEt_3-10-3	CTCT	-1.3892	0.4485	-3.097	0.00195283	0.499923	False
cEt_3-10-3	CCAA	-1.3888	0.4125	-3.367	0.000761027	0.194823	False
cEt_3-10-3	GACC	-1.3595	0.4962	-2.74	0.00614801	1	False
cEt_3-10-3	TGAA	-1.3413	0.4407	-3.044	0.00233729	0.598346	False
cEt_3-10-3	AGCA	-1.3316	0.388	-3.432	0.000599724	0.153529	False
cEt_3-10-3	TGGA	-1.2699	0.4176	-3.041	0.00235611	0.603164	False
cEt_3-10-3	CAGT	-1.2252	0.4068	-3.012	0.00259575	0.664512	False
cEt_3-10-3	CTCG	-1.2024	0.7198	-1.67	0.0948449	1	False
cEt_3-10-3	CACC	-1.188	0.4148	-2.864	0.00418552	1	False
cEt_3-10-3	GAAC	-1.1713	0.5229	-2.24	0.0250891	1	False
cEt_3-10-3	GCCT	-1.1201	0.4724	-2.371	0.01773	1	False
cEt_3-10-3	CGTT	-1.0833	1.2753	-0.849	0.395627	1	False
cEt_3-10-3	CAAG	-1.0044	0.4104	-2.447	0.0143946	1	False
cEt_3-10-3	GACT	-1.0042	0.4889	-2.054	0.0400076	1	False
cEt_3-10-3	CCAT	-1.0019	0.4366	-2.295	0.0217451	1	False
cEt_3-10-3	AATC	-0.9912	0.4751	-2.086	0.0369465	1	False
cEt_3-10-3	GGTT	-0.9369	0.4545	-2.061	0.0392594	1	False
cEt_3-10-3	AGTT	-0.9146	0.4111	-2.225	0.0261108	1	False
cEt_3-10-3	TGGT	-0.8973	0.4084	-2.197	0.0280325	1	False
cEt_3-10-3	CTTA	-0.847	0.4573	-1.852	0.0640153	1	False
cEt_3-10-3	CAAT	-0.8012	0.4356	-1.839	0.0658969	1	False
cEt_3-10-3	CACG	-0.6744	0.6264	-1.077	0.281608	1	False
cEt_3-10-3	CTTC	-0.6518	0.4526	-1.44	0.149798	1	False
cEt_3-10-3	AGGG	-0.6328	0.461	-1.372	0.169925	1	False
cEt_3-10-3	CCGG	-0.5824	0.5535	-1.052	0.292675	1	False
cEt_3-10-3	CTCC	-0.5532	0.4019	-1.376	0.168719	1	False
cEt_3-10-3	CGAG	-0.5317	0.6013	-0.884	0.376554	1	False
cEt_3-10-3	AGCC	-0.4664	0.4437	-1.051	0.293195	1	False
cEt_3-10-3	GGAT	-0.4201	0.4906	-0.856	0.391811	1	False
cEt_3-10-3	CACA	-0.4179	0.4064	-1.028	0.303797	1	False
cEt_3-10-3	TTAA	-0.4075	0.4087	-0.997	0.318718	1	False
cEt_3-10-3	TAGT	-0.3837	0.4731	-0.811	0.417386	1	False
cEt_3-10-3	TATT	-0.3544	0.4013	-0.883	0.377105	1	False
cEt_3-10-3	AATA	-0.3044	0.4465	-0.682	0.495419	1	False
cEt_3-10-3	AGGT	-0.2344	0.3879	-0.604	0.545703	1	False
cEt_3-10-3	TTAC	-0.2014	0.489	-0.412	0.68041	1	False
cEt_3-10-3	CATA	-0.1783	0.4663	-0.382	0.702101	1	False
cEt_3-10-3	GCCA	-0.1363	0.4249	-0.321	0.748265	1	False
cEt_3-10-3	CTCA	-0.1226	0.4173	-0.294	0.76883	1	False
cEt_3-10-3	AGAG	-0.0968	0.3948	-0.245	0.806363	1	False
cEt_3-10-3	CGGC	-0.0482	0.5946	-0.081	0.935359	1	False
cEt_3-10-3	TGCT	-0.0274	0.4058	-0.068	0.94618	1	False
cEt_3-10-3	TATA	-0.0052	0.4287	-0.012	0.990405	1	False
cEt_3-10-3	AAGT	0.0611	0.3927	0.156	0.876344	1	False
cEt_3-10-3	AATG	0.0888	0.4182	0.212	0.831867	1	False
cEt_3-10-3	AAAT	0.1028	0.443	0.232	0.816508	1	False
cEt_3-10-3	TAAG	0.1479	0.4057	0.364	0.715549	1	False
cEt_3-10-3	CTGA	0.2155	0.4004	0.538	0.59039	1	False
cEt_3-10-3	GGTA	0.2456	0.496	0.495	0.620497	1	False
cEt_3-10-3	CCCC	0.3095	0.4563	0.678	0.497591	1	False
cEt_3-10-3	GGAC	0.3561	0.4983	0.715	0.474799	1	False
cEt_3-10-3	TATG	0.3634	0.4552	0.798	0.424706	1	False
cEt_3-10-3	AACG	0.3781	0.8446	0.448	0.654419	1	False
cEt_3-10-3	TTGA	0.4451	0.4261	1.045	0.296215	1	False
cEt_3-10-3	GTAC	0.461	0.5655	0.815	0.414975	1	False
cEt_3-10-3	TATC	0.526	0.5346	0.984	0.325162	1	False
cEt_3-10-3	AAAG	0.5371	0.4051	1.326	0.18485	1	False
cEt_3-10-3	TTCT	0.6025	0.4231	1.424	0.154415	1	False
cEt_3-10-3	ATAT	0.607	0.4474	1.357	0.17491	1	False
cEt_3-10-3	GACA	0.6269	0.4428	1.416	0.156856	1	False
cEt_3-10-3	ACTA	0.6416	0.4993	1.285	0.198827	1	False
cEt_3-10-3	GGTC	0.7283	0.4826	1.509	0.131253	1	False
cEt_3-10-3	GTAG	0.7695	0.5174	1.487	0.136978	1	False
cEt_3-10-3	GATG	0.7939	0.4121	1.926	0.0540776	1	False
cEt_3-10-3	TCAC	0.7943	0.464	1.712	0.0869309	1	False
cEt_3-10-3	CTTG	0.8403	0.4031	2.085	0.0371038	1	False
cEt_3-10-3	AGTA	0.9405	0.4167	2.257	0.0239993	1	False
cEt_3-10-3	TGAG	0.9418	0.3926	2.399	0.0164546	1	False
cEt_3-10-3	TCCC	1.0217	0.4268	2.394	0.0166689	1	False
cEt_3-10-3	ACCT	1.0671	0.4201	2.54	0.01108	1	False
cEt_3-10-3	CGTC	1.0946	1.129	0.97	0.332269	1	False
cEt_3-10-3	ACCC	1.095	0.4594	2.383	0.0171575	1	False
cEt_3-10-3	CGCC	1.163	0.6126	1.899	0.0576237	1	False
cEt_3-10-3	CCGC	1.1925	0.565	2.111	0.0347991	1	False
cEt_3-10-3	GATT	1.194	0.4565	2.616	0.00890617	1	False
cEt_3-10-3	TACC	1.1978	0.5111	2.344	0.019104	1	False
cEt_3-10-3	TACA	1.231	0.4408	2.792	0.00523243	1	False
cEt_3-10-3	TGTT	1.2784	0.4359	2.932	0.00336399	0.861182	False
cEt_3-10-3	GAGA	1.3576	0.4443	3.056	0.0022441	0.574489	False
cEt_3-10-3	TCCG	1.3801	0.6123	2.254	0.0241955	1	False
cEt_3-10-3	TGGG	1.3922	0.4698	2.963	0.00304652	0.779909	False
cEt_3-10-3	ATAA	1.4164	0.4505	3.144	0.00166553	0.426374	False
cEt_3-10-3	GCAC	1.4939	0.4479	3.336	0.000851821	0.218066	False
cEt_3-10-3	AGAC	1.5383	0.4764	3.229	0.00124254	0.318091	False
cEt_3-10-3	TCCT	1.5832	0.4234	3.739	0.000184721	0.0472887	True
cEt_3-10-3	ATAG	1.5883	0.4299	3.695	0.0002203	0.0563969	False
cEt_3-10-3	TTAG	1.6576	0.4321	3.836	0.000125239	0.0320611	True
cEt_3-10-3	CTTT	1.6929	0.4319	3.92	8.88003e-05	0.0227329	True
cEt_3-10-3	AGAT	1.712	0.4118	4.158	3.21973e-05	0.00824252	True
cEt_3-10-3	TACG	1.7674	0.878	2.013	0.0441114	1	False
cEt_3-10-3	ATCT	1.7834	0.4256	4.19	2.7884e-05	0.00713831	True
cEt_3-10-3	AGTC	1.8237	0.4348	4.194	2.74183e-05	0.00701908	True
cEt_3-10-3	ATAC	1.8511	0.4765	3.885	0.00010262	0.0262707	True
cEt_3-10-3	CTGC	1.8679	0.4171	4.478	7.53543e-06	0.00192907	True
cEt_3-10-3	TTTA	1.9968	0.4104	4.865	1.14537e-06	0.000293214	True
cEt_3-10-3	GTCT	2.004	0.4602	4.354	1.3359e-05	0.0034199	True
cEt_3-10-3	TACT	2.0342	0.4589	4.433	9.29958e-06	0.00238069	True
cEt_3-10-3	CAGG	2.041	0.363	5.623	1.88856e-08	4.83472e-06	True
cEt_3-10-3	ACAT	2.138	0.4168	5.129	2.91403e-07	7.45992e-05	True
cEt_3-10-3	GAAG	2.1457	0.4161	5.156	2.52535e-07	6.46489e-05	True
cEt_3-10-3	ACAA	2.1741	0.4441	4.896	9.8169e-07	0.000251313	True
cEt_3-10-3	CGTG	2.202	1.0857	2.028	0.0425469	1	False
cEt_3-10-3	TTAT	2.3149	0.411	5.633	1.78194e-08	4.56176e-06	True
cEt_3-10-3	AACT	2.3972	0.4275	5.607	2.06329e-08	5.28202e-06	True
cEt_3-10-3	TAGA	2.4249	0.4414	5.493	3.95762e-08	1.01315e-05	True
cEt_3-10-3	GCTG	2.4512	0.3835	6.392	1.65247e-10	4.23032e-08	True
cEt_3-10-3	GAAA	2.4566	0.463	5.306	1.12342e-07	2.87595e-05	True
cEt_3-10-3	TCCA	2.5115	0.3872	6.486	8.8469e-11	2.26481e-08	True
cEt_3-10-3	TGTG	2.5218	0.4272	5.904	3.57273e-09	9.14619e-07	True
cEt_3-10-3	CGAC	2.535	0.7983	3.175	0.00149706	0.383249	False
cEt_3-10-3	GCAG	2.5429	0.3803	6.687	2.29464e-11	5.87428e-09	True
cEt_3-10-3	GATA	2.5438	0.4896	5.195	2.04765e-07	5.24198e-05	True
cEt_3-10-3	GTGA	2.5902	0.4483	5.777	7.61385e-09	1.94915e-06	True
cEt_3-10-3	CAGC	2.6345	0.3903	6.75	1.49022e-11	3.81497e-09	True
cEt_3-10-3	TTGT	2.636	0.4229	6.233	4.60358e-10	1.17852e-07	True
cEt_3-10-3	TCAA	2.6871	0.4349	6.179	6.49147e-10	1.66182e-07	True
cEt_3-10-3	CTGG	2.6881	0.3725	7.216	5.40449e-13	1.38355e-10	True
cEt_3-10-3	GAGT	2.6925	0.4257	6.324	2.55751e-10	6.54723e-08	True
cEt_3-10-3	TCAT	2.6942	0.4509	5.975	2.31806e-09	5.93424e-07	True
cEt_3-10-3	TTTC	2.7165	0.479	5.672	1.42033e-08	3.63605e-06	True
cEt_3-10-3	GCAT	2.7328	0.436	6.268	3.67789e-10	9.41539e-08	True
cEt_3-10-3	CGTA	2.9089	1.5162	1.919	0.0550473	1	False
cEt_3-10-3	TGAT	2.9315	0.4087	7.173	7.41708e-13	1.89877e-10	True
cEt_3-10-3	ACCG	2.9596	0.6761	4.377	1.20216e-05	0.00307752	True
cEt_3-10-3	ATGT	2.9705	0.4139	7.177	7.19395e-13	1.84165e-10	True
cEt_3-10-3	AAGC	3.0346	0.4261	7.121	1.07949e-12	2.76348e-10	True
cEt_3-10-3	TCAG	3.0583	0.3884	7.874	3.49144e-15	8.93808e-13	True
cEt_3-10-3	GTGT	3.0912	0.4695	6.584	4.61964e-11	1.18263e-08	True
cEt_3-10-3	AGTG	3.1469	0.402	7.827	5.04357e-15	1.29115e-12	True
cEt_3-10-3	GCGG	3.1512	0.579	5.442	5.28482e-08	1.35291e-05	True
cEt_3-10-3	AGGC	3.1763	0.397	8	1.26015e-15	3.22599e-13	True
cEt_3-10-3	TCTA	3.2242	0.5004	6.443	1.18182e-10	3.02545e-08	True
cEt_3-10-3	GCTT	3.2483	0.4495	7.226	5.02845e-13	1.28728e-10	True
cEt_3-10-3	TTTG	3.2543	0.4126	7.887	3.14982e-15	8.06353e-13	True
cEt_3-10-3	TGCG	3.3218	0.7715	4.306	1.66787e-05	0.00426974	True
cEt_3-10-3	TTTT	3.3422	0.4772	7.003	2.52144e-12	6.45488e-10	True
cEt_3-10-3	ACTT	3.3982	0.4281	7.938	2.08992e-15	5.3502e-13	True
cEt_3-10-3	GTCC	3.4097	0.4641	7.346	2.05615e-13	5.26374e-11	True
cEt_3-10-3	GCAA	3.5179	0.4562	7.711	1.26811e-14	3.24635e-12	True
cEt_3-10-3	TCTG	3.5742	0.4029	8.87	7.47165e-19	1.91274e-16	True
cEt_3-10-3	TCGT	3.6103	5.9693	0.605	0.545307	1	False
cEt_3-10-3	AACC	3.6932	0.4585	8.055	8.06195e-16	2.06386e-13	True
cEt_3-10-3	TGCC	3.7017	0.4321	8.567	1.07979e-17	2.76426e-15	True
cEt_3-10-3	TGAC	3.7135	0.4814	7.714	1.23045e-14	3.14996e-12	True
cEt_3-10-3	ACAC	3.7256	0.4478	8.32	8.98107e-17	2.29915e-14	True
cEt_3-10-3	ACTC	3.7476	0.4592	8.161	3.38639e-16	8.66916e-14	True
cEt_3-10-3	AACA	3.7608	0.4147	9.069	1.2351e-19	3.16185e-17	True
cEt_3-10-3	TTCC	3.9356	0.436	9.026	1.82579e-19	4.67401e-17	True
cEt_3-10-3	TCTT	3.9763	0.421	9.445	3.65634e-21	9.36024e-19	True
cEt_3-10-3	TGTA	4.0105	0.4316	9.292	1.55737e-20	3.98687e-18	True
cEt_3-10-3	TCGC	4.0553	0.7135	5.684	1.32096e-08	3.38165e-06	True
cEt_3-10-3	TTGG	4.062	0.431	9.423	4.48596e-21	1.1484e-18	True
cEt_3-10-3	TTGC	4.0793	0.4626	8.818	1.18957e-18	3.0453e-16	True
cEt_3-10-3	GAGG	4.0906	0.3959	10.332	5.26171e-25	1.347e-22	True
cEt_3-10-3	TTCA	4.1256	0.4224	9.767	1.60312e-22	4.10398e-20	True
cEt_3-10-3	ACGA	4.2189	0.6659	6.336	2.37451e-10	6.07876e-08	True
cEt_3-10-3	ACAG	4.3659	0.3921	11.134	9.06785e-29	2.32137e-26	True
cEt_3-10-3	GAAT	4.3828	0.4655	9.414	4.89109e-21	1.25212e-18	True
cEt_3-10-3	GCTC	4.3891	0.4373	10.038	1.07928e-23	2.76296e-21	True
cEt_3-10-3	AAGG	4.4639	0.3982	11.212	3.77952e-29	9.67556e-27	True
cEt_3-10-3	ATCC	4.5414	0.4558	9.963	2.2852e-23	5.85011e-21	True
cEt_3-10-3	GTGG	4.5667	0.4949	9.227	2.86409e-20	7.33206e-18	True
cEt_3-10-3	GTAA	4.5781	0.442	10.358	3.99338e-25	1.0223e-22	True
cEt_3-10-3	ATTA	4.6081	0.4025	11.449	2.52484e-30	6.4636e-28	True
cEt_3-10-3	ATTT	4.7631	0.408	11.674	1.84671e-31	4.72757e-29	True
cEt_3-10-3	TCTC	4.7914	0.4605	10.404	2.47861e-25	6.34524e-23	True
cEt_3-10-3	ATTG	4.8376	0.4408	10.974	5.35659e-28	1.37129e-25	True
cEt_3-10-3	TTCG	4.8954	0.8849	5.532	3.17817e-08	8.1361e-06	True
cEt_3-10-3	TGTC	4.9679	0.4289	11.582	5.39016e-31	1.37988e-28	True
cEt_3-10-3	ACTG	5.0165	0.4058	12.361	4.58004e-35	1.17249e-32	True
cEt_3-10-3	GTGC	5.0831	0.5047	10.071	7.71302e-24	1.97453e-21	True
cEt_3-10-3	GTAT	5.1105	0.4749	10.762	5.48199e-27	1.40339e-24	True
cEt_3-10-3	ATCA	5.1305	0.4254	12.059	1.86592e-33	4.77676e-31	True
cEt_3-10-3	TCGG	5.19	0.7467	6.951	3.66559e-12	9.38391e-10	True
cEt_3-10-3	TGGC	5.1977	0.4295	12.101	1.12325e-33	2.87551e-31	True
cEt_3-10-3	GTTG	5.3244	0.5022	10.602	3.05859e-26	7.82998e-24	True
cEt_3-10-3	ACCA	5.4428	0.4153	13.104	3.45844e-39	8.85361e-37	True
cEt_3-10-3	ACGC	5.4952	0.7832	7.016	2.29683e-12	5.87988e-10	True
cEt_3-10-3	GCTA	5.5029	0.5132	10.722	8.40088e-27	2.15062e-24	True
cEt_3-10-3	GAGC	5.6547	0.4508	12.545	4.63497e-36	1.18655e-33	True
cEt_3-10-3	GTCA	5.6551	0.4478	12.63	1.57944e-36	4.04337e-34	True
cEt_3-10-3	GGGG	5.673	3.4464	1.646	0.0997521	1	False
cEt_3-10-3	GTTT	5.7023	0.4531	12.586	2.75029e-36	7.04075e-34	True
cEt_3-10-3	ATGA	5.8975	0.4368	13.5	1.74443e-41	4.46575e-39	True
cEt_3-10-3	TAGC	6.2053	0.4967	12.494	8.75219e-36	2.24056e-33	True
cEt_3-10-3	ATTC	6.4683	0.4393	14.724	5.30814e-49	1.35888e-46	True
cEt_3-10-3	ATGG	6.6077	0.4058	16.282	1.67701e-59	4.29315e-57	True
cEt_3-10-3	GTTA	6.8788	0.4916	13.993	1.95698e-44	5.00986e-42	True
cEt_3-10-3	ATGC	6.9983	0.4349	16.091	3.74772e-58	9.59417e-56	True
cEt_3-10-3	ACGG	7.3953	0.6417	11.525	1.04508e-30	2.6754e-28	True
cEt_3-10-3	GTCG	7.6439	0.8469	9.026	1.82408e-19	4.66964e-17	True
cEt_3-10-3	TAGG	7.6655	0.4602	16.658	3.44106e-62	8.8091e-60	True
cEt_3-10-3	GTTC	7.8222	0.4973	15.73	1.16698e-55	2.98747e-53	True
cEt_3-10-3	ATCG	8.7221	0.8583	10.162	3.05536e-24	7.82173e-22	True
cEt_3-10-3	ACGT	8.9582	4.8739	1.838	0.0660678	1	False
cEt_3-10-3	GCGT	9.4158	3.1501	2.989	0.00279913	0.716576	False
